"Name,Ticker/Code,발행사,자산,전략,세부전략,지역,추적배수,거래대금(백만),시가총액(백만)"
"TIGER 미국S&P500,360750,미래에셋자산운용,주식,시장대표,-,미국,일반,101801.0966,9787743.75"
"KODEX CD금리액티브(합성),459580,삼성자산운용,기타,금리,-,국내,일반,325051.1851,8993586.483"
"KODEX 200,069500,삼성자산운용,주식,시장대표,-,국내,일반,294825.6774,8648134.25"
"KODEX 머니마켓액티브,488770,삼성자산운용,채권,혼합,단기,국내,일반,29675.60064,8106303.48"
"TIGER 미국나스닥100,133690,미래에셋자산운용,주식,시장대표,-,미국,일반,54757.10841,6004207"
"KODEX 미국S&P500,379800,삼성자산운용,주식,시장대표,-,미국,일반,71573.6579,5381363.75"
"TIGER CD금리투자KIS(합성),357870,미래에셋자산운용,기타,금리,-,국내,일반,10268.88959,5152064.25"
"KODEX KOFR금리액티브(합성),423160,삼성자산운용,기타,금리,-,국내,일반,3642.972915,4218512.55"
"TIGER 미국테크TOP10 INDXX,381170,미래에셋자산운용,주식,테마,빅테크,미국,일반,79726.7476,3686364"
"KODEX 종합채권(AA-이상)액티브,273130,삼성자산운용,채권,혼합,종합,국내,일반,12081.78362,3518179.92"
"KODEX 미국나스닥100,379810,삼성자산운용,주식,시장대표,-,미국,일반,21402.20775,3394207.25"
"TIGER 200,102110,미래에셋자산운용,주식,시장대표,-,국내,일반,76680.55589,3175539.25"
"TIGER 머니마켓액티브,0043B0,미래에셋자산운용,채권,혼합,단기,국내,일반,11546.65956,3104543.64"
"KODEX 200TR,278530,삼성자산운용,주식,시장대표,-,국내,일반,6377.662303,3073213.5"
"RISE 머니마켓액티브,455890,케이비자산운용,채권,혼합,단기,국내,일반,17646.33583,2835014"
"TIGER 미국필라델피아반도체나스닥,381180,미래에셋자산운용,주식,섹터,반도체,미국,일반,20865.83134,2648613.25"
"KODEX 레버리지,122630,삼성자산운용,주식,시장대표,-,국내,2X 레버리지,475170.6467,2612889"
"KODEX CD1년금리플러스액티브(합성),481050,삼성자산운용,기타,금리,-,국내,일반,27328.21869,2526354.975"
"TIGER KOFR금리액티브(합성),449170,미래에셋자산운용,기타,금리,-,국내,일반,12543.05108,2526304.475"
"ACE 미국S&P500,360200,한국투자신탁운용,주식,시장대표,-,미국,일반,8287.455394,2452615"
"ACE 미국30년국채액티브(H),453850,한국투자신탁운용,채권,국공채,장기,미국,일반,16666.89377,2331972.5"
"TIGER 미국배당다우존스,458730,미래에셋자산운용,주식,스타일,배당,미국,일반,15417.95984,2223102.5"
"ACE KRX금현물,411060,한국투자신탁운용,원자재,금속,금,국내,일반,180330.7383,2150900"
"TIGER 차이나전기차SOLACTIVE,371460,미래에셋자산운용,주식,테마,차세대모빌리티,중국,일반,57651.25874,2005687.2"
"ACE 미국나스닥100,367380,한국투자신탁운용,주식,시장대표,-,미국,일반,8774.187622,1966456"
"KODEX 200선물인버스2X,252670,삼성자산운용,주식,시장대표,-,국내,2X 인버스,316533.9953,1760856.8"
"TIGER MSCI Korea TR,310970,미래에셋자산운용,주식,시장대표,-,국내,일반,456.01908,1757952"
"KODEX 단기채권PLUS,214980,삼성자산운용,채권,혼합,단기,국내,일반,2369.424847,1745886.195"
"SOL 조선TOP3플러스,466920,신한자산운용,주식,테마,조선,국내,일반,68160.84328,1734816"
"RISE 200,148020,케이비자산운용,주식,시장대표,-,국내,일반,28015.31366,1670922"
"PLUS 고배당주,161510,한화자산운용,주식,스타일,배당,국내,일반,14594.09903,1644950.4"
"RISE 종합채권(A-이상)액티브,385540,케이비자산운용,채권,혼합,종합,국내,일반,652.2008,1619498.25"
"KODEX 코스닥150레버리지,233740,삼성자산운용,주식,시장대표,-,국내,2X 레버리지,81485.17209,1604035"
"TIGER 25-10 회사채(A+이상)액티브,453540,미래에셋자산운용,채권,회사채,단기,국내,일반,4239.189013,1586106.22"
"KODEX 삼성그룹,102780,삼성자산운용,주식,스타일,그룹주,국내,일반,2346.706202,1486961.5"
"RISE CD금리액티브(합성),477080,케이비자산운용,기타,금리,-,국내,일반,625.183764,1456230.14"
"TIGER 미국30년국채커버드콜액티브(H),476550,미래에셋자산운용,채권,채권파생,커버드콜,미국,일반,8989.258145,1379675"
"TIGER 25-12 금융채(AA-이상),494900,미래에셋자산운용,채권,회사채,단기,국내,일반,0.61984,1293544.51"
"PLUS K방산,449450,한화자산운용,주식,테마,방산,-,일반,68341.17324,1259116.75"
"RISE 단기특수은행채액티브,0061Z0,케이비자산운용,채권,혼합,단기,국내,일반,81.98019,1223244.4"
"TIGER 차이나항셍테크,371160,미래에셋자산운용,주식,테마,빅테크,중국,일반,24933.22302,1218832.5"
"KODEX 코스닥150,229200,삼성자산운용,주식,시장대표,-,국내,일반,65391.23553,1205977.5"
"RISE 미국나스닥100,368590,케이비자산운용,주식,시장대표,-,미국,일반,2657.46556,1194102"
"KODEX 2차전지산업,305720,삼성자산운용,주식,테마,2차전지(배터리),국내,일반,23178.74732,1156176"
"TIGER TOP10,292150,미래에셋자산운용,주식,규모,대형주,국내,일반,9206.977133,1144472"
"ACE 테슬라밸류체인액티브,457480,한국투자신탁운용,주식,테마,차세대모빌리티,글로벌,일반,23878.8158,1135541.75"
"RISE 미국S&P500,379780,케이비자산운용,주식,시장대표,-,미국,일반,3441.959112,1119825"
"KIWOOM 200TR,294400,키움투자자산운용,주식,시장대표,-,국내,일반,5491.339849,1074225.25"
"TIGER 종합채권(AA-이상)액티브,451540,미래에셋자산운용,채권,혼합,종합,국내,일반,1737.801783,1041821.25"
"KODEX 200타겟위클리커버드콜,498400,삼성자산운용,주식,주식파생,커버드콜,국내,일반,19531.12857,1006748"
"TIGER 단기통안채,157450,미래에셋자산운용,채권,국공채,단기,국내,일반,4497.169722,1003308.55"
"SOL 초단기채권액티브,469830,신한자산운용,채권,혼합,단기,국내,일반,21718.15629,1000982.19"
"KODEX 미국AI전력핵심인프라,487230,삼성자산운용,주식,테마,전력인프라,미국,일반,16676.32191,996810"
"TIGER CD1년금리액티브(합성),475630,미래에셋자산운용,기타,금리,-,국내,일반,24632.51007,987574.56"
"SOL 종합채권(AA-이상)액티브,436140,신한자산운용,채권,혼합,종합,국내,일반,5734.587955,964915.1"
"KODEX 26-12 회사채(AA-이상)액티브,473290,삼성자산운용,채권,회사채,단기,국내,일반,625.420914,964636.2"
"TIGER 미국배당다우존스타겟커버드콜2호,458760,미래에셋자산운용,주식,주식파생,커버드콜,미국,일반,2574.418956,959502.5"
"1Q 머니마켓액티브,479080,하나자산운용,채권,혼합,단기,국내,일반,2169.710396,939664.95"
"TIGER 2차전지테마,305540,미래에셋자산운용,주식,테마,2차전지(배터리),국내,일반,6899.264801,927153.5"
"KODEX 반도체,091160,삼성자산운용,주식,섹터,반도체,국내,일반,39490.85192,903212.25"
"TIGER 반도체TOP10,396500,미래에셋자산운용,주식,섹터,반도체,국내,일반,32455.96358,902880"
"KODEX 25-12 은행채(AAA)액티브,491080,삼성자산운용,채권,회사채,단기,국내,일반,326.752545,896812.63"
"ACE 종합채권(AA-이상)KIS액티브,356540,한국투자신탁운용,채권,혼합,종합,국내,일반,6107.967355,875198.335"
"TIGER 미국30년국채스트립액티브(합성 H),458250,미래에셋자산운용,채권,국공채,장기,미국,일반,6786.946582,867760.8"
"KODEX 미국30년국채타겟커버드콜(합성 H),481060,삼성자산운용,채권,채권파생,커버드콜,미국,일반,7533.434723,864300"
"TIGER 미국나스닥100타겟데일리커버드콜,486290,미래에셋자산운용,주식,주식파생,커버드콜,미국,일반,6328.246415,851296.25"
"PLUS 200,152100,한화자산운용,주식,시장대표,-,국내,일반,5938.564755,848050"
"TIMEFOLIO 글로벌AI인공지능액티브,456600,타임폴리오자산운용,주식,테마,로보틱스 & AI,글로벌,일반,14083.39724,830491.2"
"ACE 미국빅테크TOP7 Plus,465580,한국투자신탁운용,주식,테마,빅테크,미국,일반,16520.00189,828188"
"TIGER 리츠부동산인프라,329200,미래에셋자산운용,부동산,리츠,-,국내,일반,5260.922256,824463.75"
"KODEX 인버스,114800,삼성자산운용,주식,시장대표,-,국내,1X 인버스,75265.38936,818756"
"KODEX Top5PlusTR,315930,삼성자산운용,주식,퀀트,혼합,국내,일반,1737.30712,805090"
"KODEX MSCI Korea TR,278540,삼성자산운용,주식,시장대표,-,국내,일반,432.692,796207.5"
"SOL 미국배당다우존스,446720,신한자산운용,주식,스타일,배당,미국,일반,7078.228068,785880"
"KODEX 미국빅테크10(H),314250,삼성자산운용,주식,테마,빅테크,미국,일반,5983.79236,752368.05"
"KODEX 미국30년국채액티브(H),484790,삼성자산운용,채권,국공채,장기,미국,일반,8394.024508,722546.05"
"TIMEFOLIO 미국나스닥100액티브,426030,타임폴리오자산운용,주식,시장대표,-,미국,일반,17761.00502,720534.9"
"KODEX 단기채권,153130,삼성자산운용,채권,국공채,단기,국내,일반,2207.153208,711096.54"
"KODEX 미국S&P500(H),449180,삼성자산운용,주식,시장대표,-,미국,일반,3538.743609,698210.25"
"TIGER 은행고배당플러스TOP10,466940,미래에셋자산운용,주식,스타일,배당,국내,일반,12496.96823,698139"
"TIGER 우량회사채액티브,438330,미래에셋자산운용,채권,회사채,종합,국내,일반,5846.170955,693499.635"
"TIGER 단기채권액티브,272580,미래에셋자산운용,채권,혼합,단기,국내,일반,1336.53956,693170.8"
"KODEX 미국배당커버드콜액티브,441640,삼성자산운용,주식,주식파생,커버드콜,미국,일반,10812.01392,664017.75"
"ACE 미국배당다우존스,402970,한국투자신탁운용,주식,스타일,배당,미국,일반,2689.524215,652960"
"ACE 머니마켓액티브,487340,한국투자신탁운용,채권,혼합,단기,국내,일반,983.034498,650301.6"
"TIGER 조선TOP10,494670,미래에셋자산운용,주식,테마,조선,국내,일반,60730.18712,643187.5"
"TIGER 미국필라델피아AI반도체나스닥,497570,미래에셋자산운용,주식,섹터,반도체,미국,일반,7758.293863,622892.25"
"KODEX 국고채3년,114260,삼성자산운용,채권,국공채,중기,국내,일반,1324.284993,619592.28"
"KIWOOM 국고채10년,148070,키움투자자산운용,채권,국공채,장기,국내,일반,1570.246928,601992"
"KODEX 국고채30년액티브,439870,삼성자산운용,채권,국공채,장기,국내,일반,1674.939392,591631.45"
"TIGER 200 IT,139260,미래에셋자산운용,주식,섹터,정보기술,국내,일반,3913.702041,588127.2"
"KODEX 코스피,226490,삼성자산운용,주식,시장대표,-,국내,일반,8142.862068,578325"
"ACE 200,105190,한국투자신탁운용,주식,시장대표,-,국내,일반,3178.70648,574860"
"TIGER 테슬라채권혼합Fn,447770,미래에셋자산운용,혼합자산,자산배분,채권혼합,글로벌,일반,7466.218634,563789.5"
"TIGER 미국달러SOFR금리액티브(합성),456610,미래에셋자산운용,기타,금리,-,미국,일반,912.985814,543988.41"
"KODEX 국고채10년액티브,471230,삼성자산운용,채권,국공채,장기,국내,일반,2075.697315,527639.86"
"RISE 200위클리커버드콜,475720,케이비자산운용,주식,주식파생,커버드콜,국내,일반,5735.713551,523205"
"RISE KOFR금리액티브(합성),479520,케이비자산운용,기타,금리,-,국내,일반,304.455922,519812.875"
"TIGER 코리아배당다우존스,0052D0,미래에셋자산운용,주식,스타일,배당,국내,일반,5319.690086,519634.5"
"RISE KIS국고채30년Enhanced,385560,케이비자산운용,채권,국공채,장기,국내,일반,4175.864376,515884.59"
"KODEX 미국반도체,390390,삼성자산운용,주식,섹터,반도체,미국,일반,5249.359139,513604"
"TIGER 미국테크TOP10타겟커버드콜,474220,미래에셋자산운용,주식,주식파생,커버드콜,미국,일반,2762.016735,506352"
"TIGER 2차전지소재Fn,462010,미래에셋자산운용,주식,테마,2차전지(배터리),국내,일반,5361.059143,499533.75"
"KODEX 금융고배당TOP10타겟위클리커버드콜,498410,삼성액티브자산운용,주식,주식파생,커버드콜,국내,일반,5079.57183,497475"
"KODEX 미국달러SOFR금리액티브(합성),455030,삼성자산운용,기타,금리,-,미국,일반,2150.340664,488912.4"
"KODEX 미국AI테크TOP10타겟커버드콜,483280,삼성자산운용,주식,주식파생,커버드콜,미국,일반,3903.597674,487351"
"TIGER 인도니프티50,453870,미래에셋자산운용,주식,시장대표,-,인도,일반,5854.589279,480719.5"
"RISE 미국30년국채엔화노출(합성 H),472870,케이비자산운용,채권,국공채,장기,미국,일반,7001.184138,479245.5"
"KODEX 자동차,091180,삼성자산운용,주식,섹터,경기소비재,국내,일반,2063.790265,477828.75"
"KIWOOM 200,069660,키움투자자산운용,주식,시장대표,-,국내,일반,4718.96049,477650"
"KODEX 27-12 회사채(AA-이상)액티브,0007F0,삼성자산운용,채권,회사채,단기,국내,일반,814.715181,476965.5"
"KODEX 한국부동산리츠인프라,476800,삼성자산운용,부동산,리츠,-,국내,일반,5865.788642,474334"
"KODEX 미국나스닥100(H),449190,삼성자산운용,주식,시장대표,-,미국,일반,1744.797196,472602"
"TIGER KRX금현물,0072R0,미래에셋자산운용,원자재,금속,금,국내,일반,63894.67004,472119"
"KIWOOM 종합채권(AA-이상)액티브,454780,키움투자자산운용,채권,혼합,종합,국내,일반,5.68066,465783.21"
"KODEX AI전력핵심설비,487240,삼성자산운용,주식,테마,전력인프라,국내,일반,25517.79142,448632"
"ACE 미국S&P500채권혼합액티브,438080,한국투자신탁운용,혼합자산,자산배분,채권혼합,미국,일반,4765.764401,448218"
"TIGER 미국달러단기채권액티브,329750,미래에셋자산운용,채권,국공채,단기,미국,일반,2721.826945,444611.6"
"TIGER 2차전지TOP10,364980,미래에셋자산운용,주식,테마,2차전지(배터리),국내,일반,9495.817731,444238"
"KODEX 25-11 은행채(AA-이상)PLUS액티브,476810,삼성자산운용,채권,회사채,단기,국내,일반,47.352084,433348.5"
"PLUS 종합채권(AA-이상)액티브,451000,한화자산운용,채권,혼합,종합,-,일반,32.97867,431594.46"
"SOL AI반도체소부장,455850,신한자산운용,주식,섹터,반도체,국내,일반,9096.054502,431430"
"KODEX 인도Nifty50,453810,삼성자산운용,주식,시장대표,-,인도,일반,4960.035409,430416.75"
"RISE 단기통안채,196230,케이비자산운용,채권,국공채,단기,국내,일반,1071.082874,425726.42"
"ACE 글로벌반도체TOP4 Plus SOLACTIVE,446770,한국투자신탁운용,주식,섹터,반도체,글로벌,일반,8377.746387,422961"
"KODEX MSCI선진국,251350,삼성자산운용,주식,시장대표,-,글로벌,일반,1468.770078,415664.75"
"KODEX 미국종합채권ESG액티브(H),437080,삼성자산운용,채권,혼합,종합,미국,일반,945.477375,410366.115"
"HANARO 200,293180,엔에이치아문디자산운용,주식,시장대표,-,국내,일반,279.49236,406172.5"
"KODEX 미국머니마켓액티브,0048J0,삼성자산운용,채권,혼합,단기,국내,일반,1217.475016,404558.875"
"TIGER CD금리플러스액티브(합성),499660,미래에셋자산운용,기타,금리,-,국내,일반,11251.76454,402428.168"
"TIGER 미국S&P500(H),448290,미래에셋자산운용,주식,시장대표,-,미국,일반,1930.475319,400583"
"TIGER 27-04회사채(A+이상)액티브,480260,미래에셋자산운용,채권,회사채,단기,국내,일반,1004.800991,396238.72"
"KODEX 200액티브,494890,삼성자산운용,주식,시장대표,-,국내,일반,1456.484285,393536"
"TIGER 미국나스닥100커버드콜(합성),441680,미래에셋자산운용,주식,주식파생,커버드콜,미국,일반,1401.737672,389953.5"
"ACE 국고채10년,365780,한국투자신탁운용,채권,국공채,장기,국내,일반,1552.714085,386852.7"
"KODEX 장기종합채권(AA-이상)액티브,363570,삼성자산운용,채권,혼합,장기,국내,일반,74.32606,386349.975"
"KODEX 미국나스닥100데일리커버드콜OTM,494300,삼성자산운용,주식,주식파생,커버드콜,미국,일반,5137.958866,376809"
"KODEX 증권,102970,삼성자산운용,주식,섹터,금융,국내,일반,15667.52459,369638.75"
"PLUS 고배당주채권혼합,251600,한화자산운용,혼합자산,자산배분,주식혼합,국내,일반,3694.462127,369261"
"ACE 미국달러SOFR금리(합성),456880,한국투자신탁운용,기타,금리,-,미국,일반,1132.576167,368328"
"TIGER 미국S&P500타겟데일리커버드콜,482730,미래에셋자산운용,주식,주식파생,커버드콜,미국,일반,2762.313359,366198.75"
"SOL 미국30년국채커버드콜(합성),473330,신한자산운용,채권,채권파생,커버드콜,미국,일반,3096.054924,365683.5"
"KODEX 미국배당다우존스,489250,삼성자산운용,주식,스타일,배당,미국,일반,2963.267074,363658"
"TIGER 화장품,228790,미래에셋자산운용,주식,섹터,경기소비재,국내,일반,19758.75647,349369.2"
"KODEX ESG종합채권(A-이상)액티브,439860,삼성자산운용,채권,혼합,종합,국내,일반,50.571115,346363.54"
"HANARO 원자력iSelect,434730,엔에이치아문디자산운용,주식,테마,원자력,국내,일반,7076.837408,340798.5"
"TIGER 글로벌AI액티브,466950,미래에셋자산운용,주식,테마,로보틱스 & AI,글로벌,일반,3956.252671,339979.2"
"KODEX 골드선물(H),132030,삼성자산운용,원자재,금속,금,글로벌,일반,9111.107477,337932"
"SOL 중단기회사채(A-이상)액티브,0016X0,신한자산운용,채권,회사채,종합,국내,일반,3085.482636,334954.64"
"KODEX 2차전지산업레버리지,462330,삼성자산운용,주식,테마,2차전지(배터리),국내,2X 레버리지,18465.79568,329088.5"
"KODEX AI반도체,395160,삼성자산운용,주식,섹터,반도체,국내,일반,10461.0946,324292"
"TIGER 중장기국채,302190,미래에셋자산운용,채권,국공채,종합,국내,일반,734.374485,322841.2"
"KODEX 테슬라커버드콜채권혼합액티브,475080,삼성자산운용,주식,주식파생,커버드콜,글로벌,일반,2537.355774,322240.5"
"RISE 단기채권알파액티브,385550,케이비자산운용,채권,혼합,단기,국내,일반,111.92281,319953.92"
"PLUS 머니마켓액티브,477050,한화자산운용,채권,혼합,단기,국내,일반,1094.874525,311423.38"
"KODEX 은행,091170,삼성자산운용,주식,섹터,금융,국내,일반,4113.5176,311315.75"
"ACE 미국30년국채액티브,476760,한국투자신탁운용,채권,국공채,장기,미국,일반,9574.492713,308256"
"KIWOOM 머니마켓액티브,476450,키움투자자산운용,채권,혼합,단기,국내,일반,496.919535,307671.06"
"HANARO Fn K-반도체,395270,엔에이치아문디자산운용,주식,섹터,반도체,국내,일반,22135.63701,307424"
"ACE 베트남VN30(합성),245710,한국투자신탁운용,주식,시장대표,-,베트남,일반,2351.372496,305250"
"RISE 비메모리반도체액티브,388420,케이비자산운용,주식,섹터,반도체,국내,일반,4500.805715,304867.8"
"TIGER 200 중공업,139230,미래에셋자산운용,주식,섹터,산업재,국내,일반,12369.75748,302334"
"KODEX TDF2050액티브,434060,삼성자산운용,혼합자산,자산배분,TDF,글로벌,일반,1840.696912,299218.75"
"KODEX 미국서학개미,473460,삼성자산운용,주식,퀀트,기타,미국,일반,5122.211088,296375"
"TIGER 일본니케이225,241180,미래에셋자산운용,주식,시장대표,-,일본,일반,2467.945786,293779.5"
"TIGER 미국테크TOP10 INDXX(H),472160,미래에셋자산운용,주식,테마,빅테크,미국,일반,10614.50978,292956.75"
"TIGER 글로벌자율주행&전기차SOLACTIVE,394660,미래에셋자산운용,주식,테마,차세대모빌리티,글로벌,일반,428.991523,292707"
"SOL 미국배당미국채혼합50,490490,신한자산운용,혼합자산,자산배분,채권혼합,미국,일반,2141.890166,291879"
"TIGER 차이나테크TOP10,0047A0,미래에셋자산운용,주식,테마,빅테크,중국,일반,16232.08092,287910"
"TIGER 미국나스닥100(H),448300,미래에셋자산운용,주식,시장대표,-,미국,일반,1101.348679,287899.5"
"TIGER 반도체,091230,미래에셋자산운용,주식,섹터,반도체,국내,일반,12557.81319,286232.7"
"KODEX 단기변동금리부채권액티브,273140,삼성자산운용,채권,혼합,단기,국내,일반,222.67208,283965.72"
"RISE 글로벌원자력,442320,케이비자산운용,주식,테마,원자력,글로벌,일반,3566.06486,283440.5"
"TIGER 28-04 회사채(A+이상)액티브,0094K0,미래에셋자산운용,채권,회사채,단기,국내,일반,2637.416456,282048.93"
"TIGER K방산&우주,463250,미래에셋자산운용,주식,테마,방산,국내,일반,27401.58325,280160"
"KODEX 고배당주,279530,삼성자산운용,주식,스타일,배당,국내,일반,4296.945515,278949"
"TIGER 글로벌리튬&2차전지SOLACTIVE(합성),394670,미래에셋자산운용,주식,테마,2차전지(배터리),글로벌,일반,1806.857788,278080"
"TIGER 미국테크TOP10채권혼합,472170,미래에셋자산운용,혼합자산,자산배분,채권혼합,글로벌,일반,3211.903868,277830"
"TIGER 토탈월드스탁액티브,0060H0,미래에셋자산운용,주식,시장대표,-,글로벌,일반,4792.768736,277016"
"KODEX 미국30년국채울트라선물(H),304660,삼성자산운용,채권,국공채,장기,미국,일반,1186.657725,275058"
"KODEX 미국달러선물인버스2X,261260,삼성자산운용,통화,미국달러,-,국내,2X 인버스,1294.151883,274393.75"
"ACE 미국나스닥100채권혼합액티브,438100,한국투자신탁운용,혼합자산,자산배분,채권혼합,미국,일반,2721.036658,273384.5"
"TIGER 미국필라델피아반도체레버리지(합성),423920,미래에셋자산운용,주식,섹터,반도체,미국,2X 레버리지,1151.34697,273284"
"KODEX 코스닥150선물인버스,251340,삼성자산운용,주식,시장대표,-,국내,1X 인버스,73099.30985,272568"
"RISE 미국AI밸류체인데일리고정커버드콜,490590,케이비자산운용,주식,주식파생,커버드콜,미국,일반,4919.728224,272517.75"
"SOL 미국AI소프트웨어,481180,신한자산운용,주식,테마,로보틱스 & AI,미국,일반,4422.796085,270470"
"RISE 200TR,361580,케이비자산운용,주식,시장대표,-,국내,일반,1132.259155,269390.25"
"TIGER 미국투자등급회사채액티브(H),458260,미래에셋자산운용,채권,회사채,중기,미국,일반,938.661209,266625"
"SOL 미국원자력SMR,0051G0,신한자산운용,주식,테마,원자력,미국,일반,6546.131521,259692"
"TIGER 글로벌AI전력인프라액티브,491010,미래에셋자산운용,주식,테마,전력인프라,글로벌,일반,4748.027756,259022.25"
"KoAct 바이오헬스케어액티브,462900,삼성액티브자산운용,주식,섹터,헬스케어,국내,일반,8976.919792,254112.5"
"1Q CD금리액티브(합성),491610,하나자산운용,기타,금리,-,국내,일반,307.18727,251768.66"
"TIGER 차이나휴머노이드로봇,0053L0,미래에셋자산운용,주식,테마,로보틱스 & AI,중국,일반,42223.31607,251604"
"KODEX 25-11 회사채(A+이상)액티브,467940,삼성자산운용,채권,회사채,단기,국내,일반,24.97469,250010.5"
"RISE 글로벌자산배분액티브,461490,케이비자산운용,혼합자산,자산배분,EMP,글로벌,일반,10393.86364,249293"
"TIGER 삼성그룹펀더멘털,138520,미래에셋자산운용,주식,스타일,그룹주,국내,일반,923.48553,248228.4"
"KODEX TRF3070,329650,삼성자산운용,혼합자산,자산배분,주식혼합,글로벌,일반,745.407723,246732"
"ACE 26-06 회사채(AA-이상)액티브,461270,한국투자신탁운용,채권,회사채,단기,국내,일반,221.557695,244736.8"
"SOL 금융지주플러스고배당,484880,신한자산운용,주식,스타일,배당,국내,일반,4827.430968,241853.5"
"KODEX 200미국채혼합,284430,삼성자산운용,혼합자산,자산배분,주식혼합,글로벌,일반,3796.538386,241108.4"
"KODEX 코리아밸류업,495850,삼성자산운용,주식,시장대표,-,국내,일반,1234.646823,238048"
"KIWOOM 26-09회사채(AA-이상)액티브,464240,키움투자자산운용,채권,회사채,단기,국내,일반,68.6758,237158.35"
"KODEX 미국나스닥100레버리지(합성 H),409820,삼성자산운용,주식,시장대표,-,미국,2X 레버리지,1235.684871,233631"
"TIGER 코스피,277630,미래에셋자산운용,주식,시장대표,-,국내,일반,2614.753435,233180"
"TIGER 미국나스닥100채권혼합Fn,435420,미래에셋자산운용,혼합자산,자산배분,채권혼합,글로벌,일반,1841.021574,232425.5"
"SOL 26-12 회사채(AA-이상)액티브,488980,신한자산운용,채권,회사채,단기,국내,일반,34.53634,230527"
"ACE 엔비디아채권혼합블룸버그,448540,한국투자신탁운용,혼합자산,자산배분,채권혼합,글로벌,일반,2315.55893,230314.5"
"TIGER 코리아원자력,0091P0,미래에셋자산운용,주식,테마,원자력,국내,일반,25318.98927,223665"
"SOL 200TR,295040,신한자산운용,주식,시장대표,-,국내,일반,697.573895,222957"
"SOL 미국배당다우존스(H),452360,신한자산운용,주식,스타일,배당,미국,일반,1390.093691,220932"
"ACE KPOP포커스,475050,한국투자신탁운용,주식,테마,게임&엔터&스포츠,국내,일반,9611.44698,219708"
"KODEX 은선물(H),144600,삼성자산운용,원자재,금속,은,글로벌,일반,17049.21648,219645"
"SOL 미국테크TOP10,481190,신한자산운용,주식,테마,빅테크,미국,일반,6672.441506,219537.25"
"KODEX K방산TOP10,0080G0,삼성자산운용,주식,테마,방산,국내,일반,15797.21691,219030"
"KIWOOM 인도Nifty50(합성),200250,키움투자자산운용,주식,시장대표,-,인도,일반,1251.17462,219015"
"KODEX 차이나휴머노이드로봇,0048K0,삼성자산운용,주식,테마,로보틱스 & AI,중국,일반,33700.37874,218340"
"TIGER 헬스케어,143860,미래에셋자산운용,주식,섹터,헬스케어,국내,일반,4297.648759,217508.2"
"KODEX 미국AI테크TOP10,485540,삼성자산운용,주식,테마,로보틱스 & AI,미국,일반,4973.241102,214132.5"
"TIGER TDF2045,0025N0,미래에셋자산운용,혼합자산,자산배분,TDF,글로벌,일반,4085.309671,212975.5"
"SOL 미국AI전력인프라,486450,신한자산운용,주식,테마,전력인프라,미국,일반,2664.296044,209770"
"TIMEFOLIO 글로벌우주테크&방산액티브,478150,타임폴리오자산운용,주식,테마,방산,글로벌,일반,4133.474305,208184"
"RISE 단기국공채액티브,272560,케이비자산운용,채권,국공채,단기,국내,일반,371.81258,207466.045"
"TIGER 차이나과창판STAR50(합성),414780,미래에셋자산운용,주식,시장대표,-,중국,일반,21186.81621,206142"
"TIGER 미국채10년선물,305080,미래에셋자산운용,채권,국공채,장기,미국,일반,1040.507561,205838.5"
"SOL 미국양자컴퓨팅TOP10,0023A0,신한자산운용,주식,테마,양자컴퓨팅,미국,일반,19769.86766,204467.5"
"KODEX 금융고배당TOP10,0089D0,삼성자산운용,주식,스타일,배당,국내,일반,1300.220062,203346"
"TIGER 차이나CSI300,192090,미래에셋자산운용,주식,시장대표,-,중국,일반,1972.776277,202520"
"TIGER 바이오TOP10,364970,미래에셋자산운용,주식,섹터,헬스케어,국내,일반,9835.246673,202272"
"TIGER 미국AI빅테크10타겟데일리커버드콜,493810,미래에셋자산운용,주식,주식파생,커버드콜,미국,일반,2947.728768,201809.25"
"TIGER 26-04 회사채(A+이상)액티브,0001S0,미래에셋자산운용,채권,회사채,단기,국내,일반,555.40555,201571"
"TIGER 지주회사,307520,미래에셋자산운용,주식,스타일,그룹주,국내,일반,4736.880037,198904.25"
"KODEX 차이나항셍테크,372330,삼성자산운용,주식,테마,빅테크,중국,일반,3740.031154,198502.5"
"KODEX 로봇액티브,445290,삼성자산운용,주식,테마,로보틱스 & AI,국내,일반,7665.540062,197142"
"TIGER 미국나스닥100레버리지(합성),418660,미래에셋자산운용,주식,시장대표,-,미국,2X 레버리지,2150.247637,195750"
"1Q 단기금융채액티브,463290,하나자산운용,채권,혼합,단기,국내,일반,299.383489,193801.32"
"KIWOOM 미국양자컴퓨팅,498270,키움투자자산운용,주식,테마,양자컴퓨팅,미국,일반,7642.955006,191673"
"TIMEFOLIO K바이오액티브,463050,타임폴리오자산운용,주식,섹터,헬스케어,국내,일반,4982.899634,186053.75"
"KODEX 차이나CSI300,283580,삼성자산운용,주식,시장대표,-,중국,일반,2901.478884,184820.25"
"ACE 미국빅테크7+데일리타겟커버드콜(합성),480020,한국투자신탁운용,주식,주식파생,커버드콜,미국,일반,897.785579,182483.5"
"KODEX 삼성그룹밸류,213610,삼성자산운용,주식,스타일,그룹주,국내,일반,707.175318,181278.5"
"KIWOOM CD금리액티브(합성),458210,키움투자자산운용,기타,금리,-,국내,일반,126.41233,180673.875"
"RISE 코스피,302450,케이비자산운용,주식,시장대표,-,국내,일반,882.63178,179603.25"
"HK 종합채권(AA-이상)액티브,472920,흥국자산운용,채권,혼합,종합,국내,일반,[object Object],177094.05"
"TIGER 미국AI빅테크10,490090,미래에셋자산운용,주식,테마,로보틱스 & AI,미국,일반,5247.487652,176970"
"TIMEFOLIO Korea플러스배당액티브,441800,타임폴리오자산운용,주식,시장대표,-,국내,일반,1130.711523,176505"
"RISE AI&로봇,469070,케이비자산운용,주식,테마,로보틱스 & AI,국내,일반,6102.368213,175998.25"
"TIGER 코스닥150,232080,미래에셋자산운용,주식,시장대표,-,국내,일반,5524.154484,174887"
"KODEX 미국배당다우존스타겟커버드콜,483290,삼성자산운용,주식,주식파생,커버드콜,미국,일반,1168.878106,174503"
"TIGER 소프트웨어,157490,미래에셋자산운용,주식,섹터,정보기술,국내,일반,10160.98446,170965.5"
"SOL 조선TOP3플러스레버리지,0080Y0,신한자산운용,주식,테마,조선,국내,일반,10530.89957,169500"
"TIGER 미국배당다우존스타겟데일리커버드콜,0008S0,미래에셋자산운용,주식,주식파생,커버드콜,미국,일반,716.932598,167010"
"RISE IT플러스,326240,케이비자산운용,주식,섹터,정보기술,국내,일반,2981.84305,166920"
"SOL 미국S&P500,433330,신한자산운용,주식,시장대표,-,미국,일반,608.042659,164857.5"
"KODEX 바이오,244580,삼성자산운용,주식,섹터,헬스케어,국내,일반,4260.82422,164185.6"
"ACE 단기통안채,190620,한국투자신탁운용,채권,국공채,단기,국내,일반,654.861735,163572.725"
"PLUS 한화그룹주,0000J0,한화자산운용,주식,스타일,그룹주,국내,일반,2513.858406,161040"
"SOL 팔란티어커버드콜OTM채권혼합,0040Y0,신한자산운용,혼합자산,자산배분,채권혼합,글로벌,일반,4641.044893,160828.5"
"ACE 미국500데일리타겟커버드콜(합성),480030,한국투자신탁운용,주식,주식파생,커버드콜,미국,일반,904.912361,159220"
"RISE 국고채10년액티브,481430,케이비자산운용,채권,국공채,장기,국내,일반,78.832205,158230.625"
"KODEX 반도체레버리지,494310,삼성자산운용,주식,섹터,반도체,국내,2X 레버리지,22328.6905,157877.25"
"WON 전단채플러스액티브,496020,우리자산운용,채권,회사채,단기,국내,일반,516.916513,157666.32"
"RISE 중기우량회사채,136340,케이비자산운용,채권,회사채,중기,국내,일반,28.186,153031.62"
"KODEX 신재생에너지액티브,385510,삼성자산운용,주식,테마,친환경에너지,국내,일반,3473.057749,152880"
"KODEX 미국10년국채액티브(H),0091C0,삼성자산운용,채권,국공채,장기,미국,일반,3645.156559,151751.1"
"KODEX AI반도체핵심장비,471990,삼성자산운용,주식,섹터,반도체,국내,일반,8756.843,150350"
"KODEX 미국S&P500선물(H),219480,삼성자산운용,주식,시장대표,-,미국,일반,976.782311,149202.25"
"KODEX 미국휴머노이드로봇,0038A0,삼성자산운용,주식,테마,로보틱스 & AI,미국,일반,3721.406468,146579.25"
"1Q 현대차그룹채권(A+이상)&국고통안,492500,하나자산운용,채권,혼합,단기,국내,일반,1.138625,146113.76"
"RISE 미국테크100데일리고정커버드콜,491620,케이비자산운용,주식,주식파생,커버드콜,미국,일반,2585.745221,145798"
"PLUS 고배당주위클리커버드콜,489030,한화자산운용,주식,주식파생,커버드콜,국내,일반,2043.872369,145639.5"
"KODEX 삼성전자채권혼합,448330,삼성자산운용,혼합자산,자산배분,채권혼합,국내,일반,2864.85442,145442"
"RISE 코리아밸류업,495050,케이비자산운용,주식,시장대표,-,국내,일반,3145.187495,143606.25"
"TIMEFOLIO 차이나AI테크액티브,0043Y0,타임폴리오자산운용,주식,테마,로보틱스 & AI,중국,일반,10008.05093,142398.75"
"TIGER 배당커버드콜액티브,472150,미래에셋자산운용,주식,주식파생,커버드콜,국내,일반,1788.243936,142361.3"
"1Q 중단기회사채(A-이상)액티브,0052T0,하나자산운용,채권,회사채,종합,국내,일반,0.60561,141879.46"
"1Q K200액티브,451060,하나자산운용,주식,시장대표,-,국내,일반,323.780767,141779.25"
"TIGER 골드선물(H),319640,미래에셋자산운용,원자재,금속,금,글로벌,일반,4461.238768,141600"
"TIGER 미국MSCI리츠(합성 H),182480,미래에셋자산운용,부동산,리츠,-,미국,일반,145.531229,141512"
"TIGER 글로벌혁신블루칩TOP10,464930,미래에셋자산운용,주식,테마,빅테크,글로벌,일반,277.3235,141282.5"
"KODEX 코스피100,237350,삼성자산운용,주식,시장대표,-,국내,일반,3192.209994,140258"
"SOL 27-12 회사채(AA-이상)액티브,0092C0,신한자산운용,채권,회사채,단기,국내,일반,7.161795,139987.332"
"KODEX 2차전지핵심소재10,461950,삼성자산운용,주식,테마,2차전지(배터리),국내,일반,2822.148691,138425"
"TIGER 미디어컨텐츠,228810,미래에셋자산운용,주식,섹터,커뮤니케이션서비스,국내,일반,2029.68157,137262.6"
"ACE 미국WideMoat동일가중,309230,한국투자신탁운용,주식,스타일,기타,미국,일반,585.085323,136955"
"KIWOOM 단기자금,130730,키움투자자산운용,채권,혼합,단기,국내,일반,832.367535,135815.295"
"1Q 미국S&P500,0026S0,하나자산운용,주식,시장대표,-,미국,일반,838.524217,134225"
"TIGER BBIG,364960,미래에셋자산운용,주식,테마,뉴딜,국내,일반,239.955315,133960"
"TIGER 국고채30년스트립액티브,451530,미래에셋자산운용,채권,국공채,장기,국내,일반,1751.619657,132246.72"
"TIGER 인도빌리언컨슈머,479730,미래에셋자산운용,주식,테마,내수소비,인도,일반,227.611281,131136.25"
"SOL 코리아메가테크액티브,444200,신한자산운용,주식,테마,뉴딜,국내,일반,5171.17403,130217.75"
"파워 종합채권(AA-이상)액티브,498180,교보악사자산운용,채권,혼합,종합,국내,일반,0.102695,129601.09"
"TIGER 글로벌AI플랫폼액티브,412770,미래에셋자산운용,주식,테마,로보틱스 & AI,글로벌,일반,321.185791,129125.1"
"TIGER 미국AI소프트웨어TOP4Plus,0102A0,미래에셋자산운용,주식,테마,로보틱스 & AI,미국,일반,6016.38834,128293"
"TIGER 200TR,310960,미래에셋자산운용,주식,시장대표,-,국내,일반,803.112695,127351"
"TIGER 여행레저,228800,미래에셋자산운용,주식,테마,게임&엔터&스포츠,국내,일반,1479.600149,126736.65"
"ACE 엔비디아밸류체인액티브,483320,한국투자신탁운용,주식,섹터,반도체,글로벌,일반,2826.551336,125910.75"
"ACE 중국본토CSI300,168580,한국투자신탁운용,주식,시장대표,-,중국,일반,419.594855,125680.2"
"PLUS 국공채머니마켓액티브,491230,한화자산운용,채권,국공채,단기,국내,일반,81.2704,125386.94"
"TIGER 코리아밸류업,496080,미래에셋자산운용,주식,시장대표,-,국내,일반,1791.163295,124605"
"RISE 코스닥150,270810,케이비자산운용,주식,시장대표,-,국내,일반,3980.89063,124355.4"
"HANARO 200TR,332930,엔에이치아문디자산운용,주식,시장대표,-,국내,일반,237.354185,123920"
"HK 26-12 회사채(AA-이상)액티브,0000Y0,흥국자산운용,채권,회사채,단기,국내,일반,[object Object],123831.825"
"HANARO 25-12 은행채(AA+이상)액티브,489570,엔에이치아문디자산운용,채권,회사채,단기,국내,일반,6.664495,123633.6"
"TIGER 미국S&P500동일가중,488500,미래에셋자산운용,주식,스타일,동일가중,미국,일반,557.143742,123539"
"SOL 2차전지소부장Fn,455860,신한자산운용,주식,테마,2차전지(배터리),국내,일반,745.961559,123004"
"RISE 25-11 회사채(AA-이상)액티브,448600,케이비자산운용,채권,혼합,단기,국내,일반,357.889295,121975.44"
"KODEX 미국나스닥100선물(H),304940,삼성자산운용,주식,시장대표,-,미국,일반,1115.16906,117768"
"SOL 화장품TOP3플러스,0008T0,신한자산운용,주식,섹터,경기소비재,국내,일반,7216.990378,117686"
"TIGER 미국S&P500선물(H),143850,미래에셋자산운용,주식,시장대표,-,미국,일반,295.986835,117643.625"
"RISE 2차전지액티브,422420,케이비자산운용,주식,테마,2차전지(배터리),국내,일반,755.167337,117145.6"
"HANARO Fn조선해운,441540,엔에이치아문디자산운용,주식,테마,조선,국내,일반,4271.229077,115760"
"KODEX 배당가치,325020,삼성자산운용,주식,스타일,배당,국내,일반,102.837829,115709"
"TIGER 미국다우존스30,245340,미래에셋자산운용,주식,시장대표,-,미국,일반,432.574897,115406.2"
"TIGER 미국S&P500배당귀족,429000,미래에셋자산운용,주식,스타일,배당,미국,일반,462.169024,115195.5"
"TIGER 국채3년,114820,미래에셋자산운용,채권,국공채,중기,국내,일반,486.948536,114886.76"
"KODEX 성장주,325010,삼성자산운용,주식,퀀트,성장,국내,일반,40.5646,114607.5"
"HANARO 27-06 회사채(AA-이상)액티브,0091M0,엔에이치아문디자산운용,채권,회사채,단기,국내,일반,[object Object],114228"
"ACE 미국30년국채엔화노출액티브(H),476750,한국투자신탁운용,채권,국공채,장기,미국,일반,1207.818125,113904"
"KODEX 금액티브,0064K0,삼성자산운용,원자재,금속,금,미국,일반,12773.76902,113373"
"RISE 수소경제테마,367770,케이비자산운용,주식,테마,친환경에너지,국내,일반,895.2742,113128.25"
"KODEX 미국S&P500데일리커버드콜OTM,0005A0,삼성자산운용,주식,주식파생,커버드콜,미국,일반,866.832371,112990.5"
"TIGER 차이나반도체FACTSET,396520,미래에셋자산운용,주식,섹터,반도체,중국,일반,9789.707408,112860"
"SOL 국고채10년,438570,신한자산운용,채권,국공채,장기,국내,일반,39.696755,112653.815"
"TIGER 미국초단기(3개월이하)국채,0046A0,미래에셋자산운용,채권,국공채,단기,미국,일반,2546.291099,111276.6"
"ACE 미국빅테크TOP7 Plus레버리지(합성),465610,한국투자신탁운용,주식,테마,빅테크,미국,2X 레버리지,749.799281,108965"
"RISE 메타버스,401170,케이비자산운용,주식,테마,메타버스,국내,일반,139.913,108921.6"
"마이티 26-09 특수채(AAA)액티브,465780,디비자산운용,채권,회사채,단기,국내,일반,2.1407,108212.385"
"TIGER 차이나CSI300레버리지(합성),204480,미래에셋자산운용,주식,시장대표,-,중국,2X 레버리지,737.292895,108086.4"
"BNK 26-06 특수채(AAA이상)액티브,495710,BNK자산운용,채권,혼합,단기,국내,일반,0.05132,108079.92"
"ACE 11월만기자동연장회사채AA-이상액티브,473440,한국투자신탁운용,채권,회사채,단기,국내,일반,283.688933,106507.1"
"KODEX 코리아배당성장채권혼합,237370,삼성자산운용,혼합자산,자산배분,주식혼합,국내,일반,508.119381,106116"
"ACE 우량회사채(AA-이상)액티브,0099L0,한국투자신탁운용,채권,회사채,단기,국내,일반,4664.95694,104915.735"
"HANARO 종합채권(AA-이상)액티브,461500,엔에이치아문디자산운용,채권,혼합,종합,국내,일반,33.549365,104321.385"
"TIMEFOLIO 코스피액티브,385720,타임폴리오자산운용,주식,시장대표,-,국내,일반,2517.888291,104286"
"TIGER 리츠부동산인프라TOP10액티브,0086B0,미래에셋자산운용,부동산,리츠,-,국내,일반,786.863726,102300"
"KODEX 메타버스액티브,401470,삼성자산운용,주식,테마,메타버스,국내,일반,169.21814,102123"
"RISE 대형고배당10TR,315960,케이비자산운용,주식,스타일,배당,국내,일반,1443.138859,101269"
"TIGER 2차전지TOP10레버리지,412570,미래에셋자산운용,주식,테마,2차전지(배터리),국내,2X 레버리지,1725.925712,100207.1"
"TIGER 인터넷TOP10,365000,미래에셋자산운용,주식,섹터,정보기술,국내,일반,5159.268383,99667.5"
"KIWOOM 단기채권ESG액티브,419890,키움투자자산운용,채권,혼합,단기,국내,일반,29.544,97023.35"
"TIGER 글로벌AI&로보틱스 INDXX,464310,미래에셋자산운용,주식,테마,로보틱스 & AI,글로벌,일반,1094.922349,96071.25"
"SOL K방산,490480,신한자산운용,주식,테마,방산,국내,일반,5400.860494,94044"
"SOL CD금리&머니마켓액티브,497880,신한자산운용,채권,혼합,단기,국내,일반,1870.229456,93127.93"
"KODEX 미국10년국채선물,308620,삼성자산운용,채권,국공채,장기,미국,일반,1306.34659,92939"
"TIGER 200선물레버리지,267770,미래에셋자산운용,주식,시장대표,-,국내,2X 레버리지,1730.3936,91740"
"RISE 코스닥150선물레버리지,278240,케이비자산운용,주식,시장대표,-,국내,2X 레버리지,59.802175,91549.8"
"파워 200,152870,교보악사자산운용,주식,시장대표,-,국내,일반,73.936335,91542"
"RISE 미국S&P500(H),453330,케이비자산운용,주식,시장대표,-,미국,일반,391.50259,91143"
"RISE 2차전지TOP10인버스(합성),465350,케이비자산운용,주식,테마,2차전지(배터리),국내,1X 인버스,2459.936928,90470.625"
"TIGER 차이나바이오테크SOLACTIVE,371470,미래에셋자산운용,주식,섹터,헬스케어,중국,일반,2165.565341,90417.6"
"TIGER 증권,157500,미래에셋자산운용,주식,섹터,금융,국내,일반,4291.370407,89490"
"KODEX TRF5050,329660,삼성자산운용,혼합자산,자산배분,주식혼합,글로벌,일반,613.600475,89284"
"KODEX 미국S&P500변동성확대시커버드콜,0089C0,삼성자산운용,주식,주식파생,커버드콜,미국,일반,2636.044429,88598.25"
"RISE 미국배당100데일리고정커버드콜,490600,케이비자산운용,주식,주식파생,커버드콜,미국,일반,724.761628,88526.5"
"KODEX 미국나스닥AI테크액티브,411420,삼성자산운용,주식,테마,로보틱스 & AI,미국,일반,1043.413293,88402.5"
"TIGER 중국소비테마,150460,미래에셋자산운용,주식,테마,내수소비,국내,일반,207.82189,88387.65"
"ACE 미국반도체데일리타겟커버드콜(합성),480040,한국투자신탁운용,주식,주식파생,커버드콜,미국,일반,509.883903,87480"
"RISE 플랫폼테마,427120,케이비자산운용,주식,테마,빅테크,국내,일반,2840.02869,87366.4"
"PLUS 코스피TR,328370,한화자산운용,주식,시장대표,-,국내,일반,4.515515,87262"
"PLUS 자사주매입고배당주,0098N0,한화자산운용,주식,스타일,배당,국내,일반,4198.103061,86907"
"KODEX iShares미국하이일드액티브,468380,삼성자산운용,채권,회사채,종합,미국,일반,846.165145,86145.5"
"TIGER AI반도체핵심공정,471760,미래에셋자산운용,주식,섹터,반도체,국내,일반,6258.785307,85932"
"TIMEFOLIO K컬처액티브,410870,타임폴리오자산운용,주식,테마,게임&엔터&스포츠,국내,일반,546.73199,85569"
"KODEX 차이나테크TOP10,0065G0,삼성자산운용,주식,테마,빅테크,중국,일반,1149.978518,85470"
"SOL 미국TOP5채권혼합40 Solactive,447620,신한자산운용,혼합자산,자산배분,채권혼합,글로벌,일반,781.858675,85107.5"
"KODEX K원자력SMR,0098F0,삼성자산운용,주식,테마,원자력,국내,일반,8889.678755,85070"
"ACE 포스코그룹포커스,469170,한국투자신탁운용,주식,스타일,그룹주,국내,일반,1856.234922,85029.5"
"TIGER 차이나전기차레버리지(합성),456680,미래에셋자산운용,주식,테마,차세대모빌리티,중국,2X 레버리지,990.270823,84972.8"
"RISE 고배당,266160,케이비자산운용,주식,스타일,배당,국내,일반,1104.187236,84672"
"TIGER 글로벌4차산업혁신기술(합성 H),275980,미래에셋자산운용,주식,테마,로보틱스 & AI,글로벌,일반,698.047554,84369.3"
"TIGER Fn메타버스,400970,미래에셋자산운용,주식,테마,메타버스,국내,일반,196.706099,84227"
"KoAct 글로벌AI&로봇액티브,471040,삼성액티브자산운용,주식,테마,로보틱스 & AI,글로벌,일반,2160.750747,82636.5"
"KODEX 헬스케어,266420,삼성자산운용,주식,섹터,헬스케어,국내,일반,1182.479415,81700"
"PLUS 신흥국MSCI(합성 H),195980,한화자산운용,주식,시장대표,-,글로벌,일반,349.387469,80273.4"
"ACE 8월만기자동연장회사채AA-이상액티브,475280,한국투자신탁운용,채권,회사채,단기,국내,일반,29.99904,79924"
"TIMEFOLIO 미국나스닥100채권혼합50액티브,0019K0,타임폴리오자산운용,혼합자산,자산배분,채권혼합,글로벌,일반,3231.979036,79626"
"SOL 미국S&P500ESG,399110,신한자산운용,주식,스타일,ESG,미국,일반,483.21676,79530"
"RISE ESG사회책임투자,290130,케이비자산운용,주식,스타일,ESG,국내,일반,889.378965,79521.5"
"RISE 중국본토대형주CSI100,174360,케이비자산운용,주식,시장대표,-,중국,일반,689.893322,79380"
"ACE 주주환원가치주액티브,447430,한국투자신탁운용,주식,퀀트,가치,국내,일반,500.054422,79261.5"
"ACE 원자력테마딥서치,433500,한국투자신탁운용,주식,테마,원자력,국내,일반,590.771764,78108"
"ACE 미국30년국채선물레버리지(합성 H),452250,한국투자신탁운용,채권,국공채,장기,미국,2X 레버리지,694.62567,78009.75"
"TIGER 200선물인버스2X,252710,미래에셋자산운용,주식,시장대표,-,국내,2X 인버스,6507.457711,77225.4"
"ACE 단기채권알파액티브,440640,한국투자신탁운용,채권,혼합,단기,국내,일반,138.463135,76144.255"
"ACE 미국주식베스트셀러,473590,한국투자신탁운용,주식,퀀트,기타,미국,일반,793.070316,75905"
"KoAct K수출핵심기업TOP30액티브,0074K0,삼성액티브자산운용,주식,테마,전력인프라,국내,일반,2019.067131,75786"
"KODEX K콘텐츠,266360,삼성자산운용,주식,섹터,커뮤니케이션서비스,국내,일반,2007.220806,75405"
"TIGER 글로벌온디바이스AI,480310,미래에셋자산운용,주식,테마,로보틱스 & AI,글로벌,일반,193.255017,74908"
"TIGER 현대차그룹+펀더멘털,138540,미래에셋자산운용,주식,스타일,그룹주,국내,일반,833.975767,74067"
"KIWOOM 미국S&P500,449770,키움투자자산운용,주식,시장대표,-,미국,일반,27.18247,72813"
"KODEX 미국달러선물인버스,261270,삼성자산운용,통화,미국달러,-,국내,1X 인버스,93.512984,72730.8"
"TIMEFOLIO 미국S&P500액티브,426020,타임폴리오자산운용,주식,시장대표,-,미국,일반,2929.277804,72530.4"
"RISE 버크셔포트폴리오TOP10,475350,케이비자산운용,주식,테마,기타,글로벌,일반,585.611313,71556.25"
"KODEX TRF7030,329670,삼성자산운용,혼합자산,자산배분,주식혼합,글로벌,일반,678.158473,71347.5"
"HANARO 머니마켓액티브,486830,엔에이치아문디자산운용,채권,혼합,단기,국내,일반,133.54038,70912.53"
"KODEX 미국S&P500버퍼3월액티브,0026E0,삼성자산운용,주식,주식파생,기타,미국,일반,46.448535,70368.75"
"KODEX 국채선물10년,152380,삼성자산운용,채권,국공채,장기,국내,일반,1025.273405,70267.8"
"TIGER 차이나글로벌리더스TOP3+,0067V0,미래에셋자산운용,주식,테마,전력인프라,중국,일반,2972.030796,69984"
"RISE 미국AI밸류체인TOP3Plus,485690,케이비자산운용,주식,테마,로보틱스 & AI,미국,일반,468.97414,69487.5"
"KODEX 미국AI소프트웨어TOP10,0041D0,삼성자산운용,주식,테마,로보틱스 & AI,미국,일반,1204.877404,69454"
"HANARO Fn K-POP&미디어,395290,엔에이치아문디자산운용,주식,테마,게임&엔터&스포츠,국내,일반,1250.42892,69160"
"PLUS 미국S&P500(H),269540,한화자산운용,주식,시장대표,-,미국,일반,247.718037,68614"
"RISE 5G테크,367760,케이비자산운용,주식,테마,5G(차세대통신),국내,일반,1267.070635,68396.5"
"WON 대한민국국고채액티브,426150,우리자산운용,채권,국공채,종합,국내,일반,1444.086925,67517.19"
"TIGER 미국배당다우존스타겟커버드콜1호,458750,미래에셋자산운용,주식,주식파생,커버드콜,미국,일반,97.008118,67084"
"1Q 미국S&P500미국채혼합50액티브,0052S0,하나자산운용,혼합자산,자산배분,채권혼합,미국,일반,2550.782392,66856"
"ACE 글로벌인컴TOP10 SOLACTIVE,460960,한국투자신탁운용,혼합자산,자산배분,EMP,미국,일반,209.674065,66021"
"PLUS 고배당주위클리고정커버드콜,0018C0,한화자산운용,주식,주식파생,커버드콜,국내,일반,998.149007,65709.5"
"TIGER 미국나스닥바이오,203780,미래에셋자산운용,주식,섹터,헬스케어,미국,일반,837.541017,65577.6"
"HANARO CAPEX설비투자iSelect,454320,엔에이치아문디자산운용,주식,테마,기타,국내,일반,200.376635,65433"
"KODEX 글로벌비만치료제TOP2 Plus,476070,삼성자산운용,주식,섹터,헬스케어,글로벌,일반,552.186718,65212"
"KODEX 코스피TR,359210,삼성자산운용,주식,시장대표,-,국내,일반,122.97015,64787"
"PLUS 미국채30년액티브,464470,한화자산운용,채권,국공채,중기,미국,일반,5463.417637,64778.83"
"KODEX 아시아달러채권ESG플러스액티브,437070,삼성자산운용,채권,혼합,종합,글로벌,일반,40.164045,64035.6"
"TIGER 코스닥150 레버리지,233160,미래에셋자산운용,주식,시장대표,-,국내,2X 레버리지,1377.56124,63897"
"KODEX 친환경조선해운액티브,445150,삼성자산운용,주식,테마,조선,국내,일반,3907.250553,63758.25"
"ACE 200TR,332500,한국투자신탁운용,주식,시장대표,-,국내,일반,327.31205,63560"
"HANARO 200선물레버리지,304780,엔에이치아문디자산운용,주식,시장대표,-,국내,2X 레버리지,28.88547,63498"
"ACE 중장기국공채액티브,272910,한국투자신탁운용,채권,국공채,종합,국내,일반,38.092915,63401.625"
"TIGER 경기방어,139280,미래에셋자산운용,주식,섹터,필수소비재,국내,일반,34.97832,63305"
"TIGER 미국S&P500레버리지(합성 H),225040,미래에셋자산운용,주식,시장대표,-,미국,2X 레버리지,178.918635,62976.4"
"TIGER 레버리지,123320,미래에셋자산운용,주식,시장대표,-,국내,2X 레버리지,1419.986865,62601"
"TIGER 코스피고배당,210780,미래에셋자산운용,주식,스타일,배당,국내,일반,462.059042,61803"
"KODEX Top10동일가중,395170,삼성자산운용,주식,규모,대형주,국내,일반,5.155635,61686"
"KIWOOM 코리아밸류업,496090,키움투자자산운용,주식,시장대표,-,국내,일반,157.56936,61454.5"
"TIGER 글로벌비만치료제TOP2Plus,476690,미래에셋자산운용,주식,섹터,헬스케어,글로벌,일반,747.842842,61194"
"에셋플러스 글로벌플랫폼액티브,407830,에셋플러스자산운용,주식,시장대표,-,미국,일반,80.710865,60515"
"KODEX 미국달러선물,261240,삼성자산운용,통화,미국달러,-,국내,일반,939.843417,60392.5"
"마이다스 코스피액티브,403790,마이다스에셋자산운용,주식,시장대표,-,국내,일반,12.711555,59493"
"TIGER 일본엔선물,292560,미래에셋자산운용,통화,일본엔,-,국내,일반,1165.201128,59136"
"KODEX TDF2040액티브,433980,삼성자산운용,혼합자산,자산배분,TDF,글로벌,일반,691.443582,58940"
"WON 종합채권(AA-이상)액티브,488720,우리자산운용,채권,혼합,종합,국내,일반,519.199175,57786.6"
"KODEX 코리아배당성장,211900,삼성자산운용,주식,스타일,배당,국내,일반,509.63805,57594"
"KODEX TDF2030액티브,433970,삼성자산운용,혼합자산,자산배분,TDF,글로벌,일반,504.426677,57375"
"KIWOOM 미국달러선물인버스,139660,키움투자자산운용,통화,미국달러,-,국내,1X 인버스,1.8646,57324.8"
"KODEX WTI원유선물(H),261220,삼성자산운용,원자재,에너지,원유,글로벌,일반,2757.857099,57294.75"
"KIWOOM 미국나스닥100(H),453080,키움투자자산운용,주식,시장대표,-,미국,일반,1520.708545,56898"
"HANARO K-뷰티,479850,엔에이치아문디자산운용,주식,섹터,경기소비재,국내,일반,2559.303599,56700.75"
"RISE 미국30년국채커버드콜(합성),472830,케이비자산운용,채권,채권파생,커버드콜,미국,일반,866.914425,56389"
"SOL 자동차TOP3플러스,466930,신한자산운용,주식,섹터,경기소비재,국내,일반,159.1995,56160"
"HANARO e커머스,322400,엔에이치아문디자산운용,주식,테마,E커머스,국내,일반,156.033506,55828.5"
"아이엠에셋 200,0007N0,아이엠에셋자산운용,주식,시장대표,-,국내,일반,53.348535,55447.25"
"SOL 의료기기소부장Fn,464610,신한자산운용,주식,섹터,헬스케어,국내,일반,4215.639932,55296"
"TIGER 배당성장,211560,미래에셋자산운용,주식,스타일,배당,국내,일반,291.365095,55067.1"
"KODEX 미국S&P500버퍼6월액티브,0068M0,삼성자산운용,주식,주식파생,기타,미국,일반,121.083365,54775"
"ACE 삼성그룹섹터가중,108450,한국투자신탁운용,주식,스타일,그룹주,국내,일반,124.453915,54462"
"TIGER Fn신재생에너지,377990,미래에셋자산운용,주식,테마,친환경에너지,국내,일반,1215.87749,54450"
"SOL 코리아고배당,0105E0,신한자산운용,주식,스타일,배당,국내,일반,5864.144881,54147.5"
"SOL 미국30년국채액티브(H),461600,신한자산운용,채권,국공채,장기,미국,일반,314.67005,54085.5"
"TIGER 엔비디아미국채커버드콜밸런스(합성),0000D0,미래에셋자산운용,주식,주식파생,커버드콜,미국,일반,235.723507,53982.5"
"TIGER 차이나HSCEI,245360,미래에셋자산운용,주식,시장대표,-,중국,일반,178.263215,53865"
"KODEX 차이나H레버리지(H),204450,삼성자산운용,주식,시장대표,-,중국,2X 레버리지,688.18677,53440"
"PLUS 우주항공&UAM,421320,한화자산운용,주식,테마,차세대모빌리티,국내,일반,475.777298,53141"
"ACE AI반도체포커스,469150,한국투자신탁운용,주식,섹터,반도체,국내,일반,8166.56057,52682"
"WON 200,448100,우리자산운용,주식,시장대표,-,국내,일반,160.68703,52658.875"
"1Q 종합채권(AA-이상)액티브,0017Y0,하나자산운용,채권,혼합,종합,국내,일반,101.685915,52310.06"
"SOL 미국나스닥100,476030,신한자산운용,주식,시장대표,-,미국,일반,378.480131,52254"
"ACE 라이프자산주주가치액티브,494330,한국투자신탁운용,주식,스타일,기타,국내,일반,196.535895,52079"
"ACE 인도컨슈머파워액티브,487910,한국투자신탁운용,주식,테마,내수소비,인도,일반,68.744905,51965.75"
"RISE 미국달러SOFR금리액티브(합성),455960,케이비자산운용,기타,금리,-,미국,일반,25.427057,51460.5"
"KODEX 차이나H,099140,삼성자산운용,주식,시장대표,-,중국,일반,189.511329,50594"
"SOL 한국형글로벌반도체액티브,423170,신한자산운용,주식,섹터,반도체,글로벌,일반,1258.893482,50255.4"
"KIWOOM 국고채30년액티브,471460,키움투자자산운용,채권,국공채,장기,국내,일반,326.530945,50216"
"SOL 팔란티어미국채커버드콜혼합,0040X0,신한자산운용,혼합자산,자산배분,채권혼합,미국,일반,3574.1153,50052"
"KODEX K방산TOP10레버리지,0100K0,삼성자산운용,주식,테마,방산,국내,일반,3235.190778,49680"
"RISE 국고채3년,114100,케이비자산운용,채권,국공채,중기,국내,일반,62.72917,49145.295"
"KODEX 200IT TR,363580,삼성자산운용,주식,섹터,정보기술,국내,일반,718.730317,48624"
"SOL 코리아밸류업TR,495550,신한자산운용,주식,시장대표,-,국내,일반,150.858335,48403.5"
"ACE 2월만기자동연장회사채AA-이상액티브,475260,한국투자신탁운용,채권,회사채,단기,국내,일반,49.731935,48343.75"
"HANARO MSCI Korea TR,332940,엔에이치아문디자산운용,주식,시장대표,-,국내,일반,5.795955,48300"
"RISE 2차전지TOP10,465330,케이비자산운용,주식,테마,2차전지(배터리),국내,일반,1448.386149,48019.25"
"KIWOOM 고배당,104530,키움투자자산운용,주식,스타일,배당,국내,일반,313.116374,47151"
"KODEX 미국S&P500헬스케어,453640,삼성자산운용,주식,섹터,헬스케어,미국,일반,727.567686,47081.25"
"PLUS 단기채권액티브,278620,한화자산운용,채권,혼합,단기,국내,일반,105.647423,47018.695"
"ACE 미국배당퀄리티+커버드콜액티브,0049M0,한국투자신탁운용,주식,주식파생,커버드콜,미국,일반,1564.625545,46091.25"
"WON K-글로벌수급상위,0088N0,우리자산운용,주식,퀀트,혼합,국내,일반,908.443236,45409"
"HANARO 글로벌생성형AI액티브,461340,엔에이치아문디자산운용,주식,테마,로보틱스 & AI,글로벌,일반,303.665147,45186"
"KoAct 코리아밸류업액티브,495230,삼성액티브자산운용,주식,시장대표,-,국내,일반,395.044615,45072"
"TIGER 반도체TOP10레버리지,488080,미래에셋자산운용,주식,섹터,반도체,국내,2X 레버리지,4867.583678,44523.75"
"RISE 금융채액티브,336160,케이비자산운용,채권,회사채,중기,국내,일반,997.068775,44393.2"
"TIGER 구리실물,160580,미래에셋자산운용,원자재,금속,구리,글로벌,일반,876.977526,44339.5"
"PLUS 국고채10년액티브,461460,한화자산운용,채권,국공채,장기,국내,일반,4.94092,44326.9"
"PLUS 글로벌원자력밸류체인,0007G0,한화자산운용,주식,테마,원자력,글로벌,일반,2147.389101,44210.5"
"KIWOOM 통안채1년,122260,키움투자자산운용,채권,국공채,단기,국내,일반,333.17225,44154.6"
"KODEX 차이나심천ChiNext(합성),256750,삼성자산운용,주식,시장대표,-,중국,일반,7933.108639,43659.81"
"DAISHIN343 K200,434960,대신자산운용,주식,시장대표,-,국내,일반,15.72061,43371"
"KODEX 200ESG,337160,삼성자산운용,주식,스타일,ESG,국내,일반,49.514875,43056"
"PLUS 글로벌방산,496770,한화자산운용,주식,테마,방산,글로벌,일반,1917.609895,43016.75"
"KODEX 미국S&P500금융,453650,삼성자산운용,주식,섹터,금융,미국,일반,206.256235,42895"
"KODEX 미국러셀2000(H),280930,삼성자산운용,주식,시장대표,-,미국,일반,294.784536,42870"
"ACE 5월만기자동연장회사채AA-이상액티브,475270,한국투자신탁운용,채권,회사채,단기,국내,일반,1.504465,42697.85"
"1Q 미국메디컬AI,0083S0,하나자산운용,주식,테마,로보틱스 & AI,미국,일반,1387.358245,42568.5"
"KODEX 미국S&P500산업재(합성),200030,삼성자산운용,주식,섹터,산업재,미국,일반,825.135975,42285.375"
"RISE TDF2050액티브,442570,케이비자산운용,혼합자산,자산배분,TDF,글로벌,일반,511.643926,42251.25"
"TIGER 인버스,123310,미래에셋자산운용,주식,시장대표,-,국내,1X 인버스,1114.873158,42007"
"WON 반도체밸류체인액티브,474590,우리자산운용,주식,섹터,반도체,국내,일반,1492.689205,42000"
"WON 미국S&P500,444490,우리자산운용,주식,시장대표,-,미국,일반,370.8468,41653.75"
"ACE 글로벌자율주행액티브,414270,한국투자신탁운용,주식,테마,2차전지(배터리),글로벌,일반,9764.78747,41602"
"TIGER 차이나항셍테크레버리지(합성 H),438320,미래에셋자산운용,주식,테마,빅테크,중국,2X 레버리지,974.090615,41371.6"
"KoAct 미국나스닥성장기업액티브,0015B0,삼성액티브자산운용,주식,시장대표,-,미국,일반,328.55273,40315.5"
"SOL 한국원자력SMR,0092B0,신한자산운용,주식,테마,원자력,국내,일반,3063.339663,39950"
"KoAct 팔란티어밸류체인액티브,0093D0,삼성액티브자산운용,주식,테마,로보틱스 & AI,미국,일반,597.864654,39637.5"
"ACE 미국배당퀄리티,0046Y0,한국투자신탁운용,주식,스타일,배당,미국,일반,293.952989,38967.75"
"RISE 중국본토CSI300,463300,케이비자산운용,주식,시장대표,-,중국,일반,73.507749,38820"
"HANARO 글로벌금채굴기업,473640,엔에이치아문디자산운용,주식,섹터,소재,글로벌,일반,4973.49691,38752"
"WON 단기국공채액티브,458030,우리자산운용,채권,국공채,단기,국내,일반,71.96626,37803.24"
"RISE 컨택트대표,388280,케이비자산운용,주식,테마,기타,국내,일반,17.51376,37621.1"
"ACE 인도네시아MSCI(합성),256440,한국투자신탁운용,주식,시장대표,-,인도네시아,일반,267.911497,37215"
"TIGER 200 헬스케어,227540,미래에셋자산운용,주식,섹터,헬스케어,국내,일반,1650.42488,37014"
"1Q 코리아밸류업,495330,하나자산운용,주식,시장대표,-,국내,일반,33.488955,36949.5"
"HANARO Fn K-뉴딜디지털플러스,368190,엔에이치아문디자산운용,주식,테마,뉴딜,국내,일반,7.27126,36871.5"
"KODEX 차이나2차전지MSCI(합성),419430,삼성자산운용,주식,테마,2차전지(배터리),중국,일반,2627.520053,36645"
"KIWOOM 미국달러선물,138230,키움투자자산운용,통화,미국달러,-,국내,일반,50.97308,36603.75"
"KODEX 건설,117700,삼성자산운용,주식,섹터,산업재,국내,일반,434.171233,36576"
"RISE 팔란티어고정테크100,0047R0,케이비자산운용,주식,테마,기타,미국,일반,745.366661,36506.25"
"TIGER 유로스탁스50(합성 H),195930,미래에셋자산운용,주식,시장대표,-,유럽,일반,135.26108,35910"
"SOL 국제금커버드콜액티브,0022T0,신한자산운용,원자재,금속,금,미국,일반,1521.356634,35771.5"
"TIGER 글로벌AI사이버보안,418670,미래에셋자산운용,주식,테마,로보틱스 & AI,글로벌,일반,541.561036,35742.2"
"KODEX 미국S&P500배당귀족커버드콜(합성 H),276970,삼성자산운용,주식,주식파생,커버드콜,미국,일반,376.345875,35344"
"RISE 글로벌리얼티인컴,475380,케이비자산운용,부동산,리츠,-,글로벌,일반,171.582952,35328"
"TIGER 200타겟위클리커버드콜,0104N0,미래에셋자산운용,주식,주식파생,커버드콜,국내,일반,4324.463259,35122.5"
"FOCUS AI코리아액티브,448570,브이아이자산운용,주식,시장대표,-,국내,일반,4.543455,35112"
"KODEX 미국달러선물레버리지,261250,삼성자산운용,통화,미국달러,-,국내,2X 레버리지,958.710883,34980.4"
"KODEX 미국S&P500테크놀로지,463680,삼성자산운용,주식,섹터,정보기술,미국,일반,899.128057,34730"
"RISE 미국30년국채액티브,481340,케이비자산운용,채권,국공채,장기,미국,일반,381.922814,34701.25"
"TIGER 게임TOP10,364990,미래에셋자산운용,주식,테마,게임&엔터&스포츠,국내,일반,456.877108,34593.75"
"KODEX 일본부동산리츠(H),352540,삼성자산운용,부동산,리츠,-,일본,일반,755.95518,34426"
"PLUS 코리아밸류업,495040,한화자산운용,주식,시장대표,-,국내,일반,44.56667,34337.5"
"KODEX 인도타타그룹,477730,삼성자산운용,주식,스타일,그룹주,인도,일반,118.006345,34132.5"
"SOL 반도체전공정,475300,신한자산운용,주식,섹터,반도체,국내,일반,1943.556527,34114.25"
"KODEX 미국부동산리츠(H),352560,삼성자산운용,부동산,리츠,-,미국,일반,945.861895,33943.5"
"SOL KIS단기통안채,363510,신한자산운용,채권,국공채,단기,국내,일반,0.1113,33835.2"
"RISE 미국AI테크액티브,495940,케이비자산운용,주식,테마,로보틱스 & AI,미국,일반,143.68094,33813"
"TIGER 200 건설,139220,미래에셋자산운용,주식,섹터,산업재,국내,일반,760.594743,33620"
"RISE 코리아금융고배당,498860,케이비자산운용,주식,스타일,배당,국내,일반,587.22244,33588"
"KODEX 한국대만IT프리미어,298770,삼성자산운용,주식,섹터,정보기술,아시아,일반,563.804057,33465"
"WON 미국우주항공방산,440910,우리자산운용,주식,테마,방산,미국,일반,377.393312,33457.5"
"RISE AI반도체TOP10,0093A0,케이비자산운용,주식,테마,로보틱스 & AI,국내,일반,3623.422212,33454.75"
"HANARO 전력설비투자,491820,엔에이치아문디자산운용,주식,테마,전력인프라,국내,일반,1814.227487,33297"
"KoAct 배당성장액티브,476850,삼성액티브자산운용,주식,스타일,배당,국내,일반,164.928415,33110"
"HANARO 32-10 국고채액티브,448490,엔에이치아문디자산운용,채권,국공채,장기,국내,일반,359.5106,33073.88"
"PLUS 미국나스닥테크,287180,한화자산운용,주식,섹터,정보기술,미국,일반,62.224515,32916"
"PLUS 미국단기회사채(AAA~A),332610,한화자산운용,채권,회사채,단기,미국,일반,1249.3772,32828.16"
"SOL 미국배당다우존스2호,493420,신한자산운용,주식,스타일,배당,미국,일반,71.400945,32768"
"KIWOOM 국고채10년레버리지,167860,키움투자자산운용,채권,국공채,장기,국내,2X 레버리지,557.95918,32755.5"
"WON 미국빌리어네어,489290,우리자산운용,주식,테마,기타,미국,일반,549.091515,32670"
"PLUS 미국장기우량회사채,332620,한화자산운용,채권,회사채,장기,미국,일반,100.777362,32626.655"
"KODEX 보험,140700,삼성자산운용,주식,섹터,금융,국내,일반,669.363233,32279"
"KODEX 구리선물(H),138910,삼성자산운용,원자재,금속,구리,글로벌,일반,2808.374116,32185"
"KODEX 차이나AI테크액티브,428510,삼성자산운용,주식,테마,로보틱스 & AI,중국,일반,2673.705781,32091"
"KODEX 200롱코스닥150숏선물,360140,삼성자산운용,주식,스타일,롱숏,국내,일반,8.74799,31987"
"TIMEFOLIO K신재생에너지액티브,404120,타임폴리오자산운용,주식,스타일,ESG,국내,일반,4544.394724,31752"
"KIWOOM 독일DAX,411860,키움투자자산운용,주식,시장대표,-,독일,일반,125.648895,31711"
"HANARO 코리아밸류업,495750,엔에이치아문디자산운용,주식,시장대표,-,국내,일반,3.693965,31705.5"
"TIGER 코스닥150바이오테크,261070,미래에셋자산운용,주식,섹터,헬스케어,국내,일반,333.910424,31200"
"TIGER 코리아배당다우존스위클리커버드콜,0104P0,미래에셋자산운용,주식,주식파생,커버드콜,국내,일반,2531.341192,31184"
"1Q 미국나스닥100,0069M0,하나자산운용,주식,시장대표,-,미국,일반,743.42227,31077"
"RISE 미국반도체NYSE(H),469050,케이비자산운용,주식,섹터,반도체,미국,일반,105.828435,30959.75"
"KODEX 3대농산물선물(H),271060,삼성자산운용,원자재,농산물,혼합,글로벌,일반,482.659615,30942.45"
"KODEX TDF2060액티브,0082V0,삼성자산운용,혼합자산,자산배분,TDF,글로벌,일반,409.2069,30609.5"
"KODEX 일본TOPIX100,101280,삼성자산운용,주식,시장대표,-,일본,일반,190.422621,30512.2"
"TIGER 200 금융,139270,미래에셋자산운용,주식,섹터,금융,국내,일반,828.10946,30202.2"
"TIGER 200IT레버리지,243880,미래에셋자산운용,주식,섹터,정보기술,국내,2X 레버리지,472.50424,30065.75"
"SOL 전고체배터리&실리콘음극재,0005D0,신한자산운용,주식,테마,2차전지(배터리),국내,일반,1007.815359,29996.25"
"KIWOOM 국고채3년,114470,키움투자자산운용,채권,국공채,중기,국내,일반,19.469805,29860.65"
"KIWOOM 미국S&P500(H),449780,키움투자자산운용,주식,시장대표,-,미국,일반,520.70902,29799"
"TIGER 글로벌클라우드컴퓨팅INDXX,371450,미래에셋자산운용,주식,테마,클라우드컴퓨팅,글로벌,일반,198.990352,29772.4"
"TIGER 인도니프티50레버리지(합성),236350,미래에셋자산운용,주식,시장대표,-,인도,2X 레버리지,60.666074,29241"
"TIGER 모멘텀,147970,미래에셋자산운용,주식,퀀트,모멘텀,국내,일반,327.139559,29183.4"
"ACE 미국10년국채액티브,0085P0,한국투자신탁운용,채권,국공채,장기,미국,일반,427.807795,28952"
"KODEX 미국테크 TOP3 플러스,491090,삼성자산운용,주식,테마,빅테크,미국,일반,567.347932,28946.5"
"PLUS 미국S&P500성장주,494410,한화자산운용,주식,퀀트,성장,미국,일반,122.632926,28819"
"RISE 내수주플러스,326230,케이비자산운용,주식,테마,내수소비,국내,일반,25.28694,28685.8"
"SOL 미국AI반도체칩메이커,479620,신한자산운용,주식,섹터,반도체,미국,일반,161.336514,28369"
"KODEX 유럽탄소배출권선물ICE(H),400570,삼성자산운용,기타,탄소배출권,-,유럽,일반,125.887386,28308.7"
"DAISHIN343 AI반도체&인프라액티브,486240,대신자산운용,주식,테마,로보틱스 & AI,국내,일반,50.424599,28275"
"KODEX IT,266370,삼성자산운용,주식,섹터,정보기술,국내,일반,652.21084,28275"
"마이티 다이나믹퀀트액티브,442260,디비자산운용,주식,퀀트,혼합,국내,일반,6.97284,28198.8"
"RISE 글로벌테크놀로지(합성 H),276650,케이비자산운용,주식,섹터,정보기술,글로벌,일반,29.357655,28050"
"KODEX 탄소효율그린뉴딜,375770,삼성자산운용,주식,스타일,ESG,국내,일반,11.547197,27972"
"KODEX 33-06 국고채액티브,457690,삼성자산운용,채권,국공채,장기,국내,일반,146.95407,27912.9"
"TIGER 차이나AI소프트웨어,0067Y0,미래에셋자산운용,주식,테마,로보틱스 & AI,중국,일반,1766.604952,27900.5"
"ACE 일본TOPIX레버리지(H),196030,한국투자신탁운용,주식,시장대표,-,일본,2X 레버리지,5.08004,27897.5"
"RISE 게임테마,300640,케이비자산운용,주식,테마,게임&엔터&스포츠,국내,일반,153.927431,27821.75"
"RISE 200선물레버리지,252400,케이비자산운용,주식,시장대표,-,국내,2X 레버리지,496.335271,27600"
"ACE BYD밸류체인액티브,0079X0,한국투자신탁운용,주식,테마,차세대모빌리티,중국,일반,7077.856835,27511"
"TIGER 유로스탁스배당30,245350,미래에셋자산운용,주식,스타일,배당,유럽,일반,124.729166,26928"
"KODEX 미국금융테크액티브,0028X0,삼성자산운용,주식,테마,기타,미국,일반,223.990132,26778.25"
"ACE 구글밸류체인액티브,483340,한국투자신탁운용,주식,테마,클라우드컴퓨팅,미국,일반,566.971507,26750"
"KODEX 미국S&P500에너지(합성),218420,삼성자산운용,주식,섹터,에너지,미국,일반,102.483799,26749.68"
"KIWOOM 글로벌AI반도체,473490,키움투자자산운용,주식,테마,로보틱스 & AI,글로벌,일반,137.291199,26747"
"PLUS 코스피50,122090,한화자산운용,주식,시장대표,-,국내,일반,655.002425,26709.75"
"KODEX KRX300,292190,삼성자산운용,주식,시장대표,-,국내,일반,101.464915,26574"
"SOL 코스닥150,450910,신한자산운용,주식,시장대표,-,국내,일반,8.60166,26548.9"
"RISE AI전력인프라,0101N0,케이비자산운용,주식,테마,로보틱스 & AI,국내,일반,8830.578222,26496.25"
"KIWOOM 한국고배당&미국AI테크,0097L0,키움투자자산운용,주식,테마,기타,글로벌,일반,2499.242884,26225"
"TIMEFOLIO 코리아밸류업액티브,495060,타임폴리오자산운용,주식,시장대표,-,국내,일반,486.748751,26170"
"TIGER AI코리아그로스액티브,365040,미래에셋자산운용,주식,시장대표,-,국내,일반,117.850565,25965"
"ACE 미국하이일드액티브(H),455660,한국투자신탁운용,채권,혼합,종합,글로벌,일반,435.442639,25753"
"KODEX 에너지화학,117460,삼성자산운용,주식,섹터,소재,국내,일반,200.846038,25692.8"
"KODEX 미국나스닥100선물인버스(H),409810,삼성자산운용,주식,시장대표,-,미국,1X 인버스,1713.087847,25486.5"
"RISE 미국단기투자등급회사채액티브,437350,케이비자산운용,채권,회사채,단기,미국,일반,219.565022,25389.25"
"KODEX 철강,117680,삼성자산운용,주식,섹터,소재,국내,일반,342.500413,25356.8"
"KODEX 글로벌로봇(합성),276990,삼성자산운용,주식,테마,로보틱스 & AI,글로벌,일반,156.635875,25341.15"
"PLUS 200TR,491220,한화자산운용,주식,시장대표,-,국내,일반,42.103005,25247.25"
"ACE 코스닥150,354500,한국투자신탁운용,주식,시장대표,-,국내,일반,257.310601,25236"
"RISE 중장기국공채액티브,272570,케이비자산운용,채권,국공채,종합,국내,일반,3.91149,25129.125"
"PLUS K방산레버리지,0104G0,한화자산운용,주식,테마,방산,국내,일반,2354.5434,25008"
"KoAct 미국천연가스인프라액티브,497780,삼성액티브자산운용,주식,섹터,에너지,미국,일반,276.057415,24947"
"KODEX 차이나A50,169950,삼성자산운용,주식,시장대표,-,중국,일반,27.14889,24850"
"KODEX 차이나과창판STAR50(합성),415340,삼성자산운용,주식,시장대표,-,중국,일반,2235.780342,24753.15"
"TIGER 글로벌이노베이션액티브,387270,미래에셋자산운용,주식,시장대표,-,미국,일반,62.961075,24733.25"
"KODEX 미국S&P500액티브,0041E0,삼성자산운용,주식,시장대표,-,미국,일반,311.98483,24671.5"
"ACE ESG액티브,385590,한국투자신탁운용,주식,스타일,ESG,국내,일반,1.040125,24610"
"KODEX iShares미국투자등급회사채액티브,468630,삼성자산운용,채권,회사채,종합,미국,일반,169.57683,24391.6"
"HK 200,491700,흥국자산운용,주식,시장대표,-,국내,일반,0.289735,24125"
"KODEX WTI원유선물인버스(H),271050,삼성자산운용,원자재,에너지,원유,글로벌,1X 인버스,4432.018918,24067.75"
"PLUS KOFR금리,453010,한화자산운용,기타,금리,-,국내,일반,48.060787,23976.29"
"TIGER 미국나스닥100ETF선물,483240,미래에셋자산운용,주식,시장대표,-,미국,일반,45.220985,23910"
"TIGER S&P글로벌헬스케어(합성),248270,미래에셋자산운용,주식,섹터,헬스케어,글로벌,일반,483.648881,23841"
"PLUS 글로벌희토류&전략자원생산기업,415920,한화자산운용,주식,섹터,소재,글로벌,일반,3785.012568,23652"
"KODEX 테슬라밸류체인FactSet,459560,삼성자산운용,주식,테마,차세대모빌리티,글로벌,일반,139.794591,23634"
"KODEX 인도Nifty50레버리지(합성),453820,삼성자산운용,주식,시장대표,-,인도,2X 레버리지,137.061611,23632.5"
"TIGER 200커버드콜,289480,미래에셋자산운용,주식,주식파생,커버드콜,국내,일반,141.327934,23556"
"TIGER 미국방산TOP10,494840,미래에셋자산운용,주식,테마,방산,미국,일반,626.416105,23409.75"
"KIWOOM 팔란티어미국30년국채혼합액티브(H),0015F0,키움투자자산운용,혼합자산,자산배분,채권혼합,미국,일반,208.171918,23310"
"KODEX KRX300레버리지,306950,삼성자산운용,주식,시장대표,-,국내,2X 레버리지,4.21492,23080"
"KCGI 미국S&P500 TOP10,483570,케이씨지아이자산운용,주식,규모,대형주,미국,일반,67.631505,23064"
"KIWOOM 미국성장기업30액티브,459790,키움투자자산운용,주식,퀀트,성장,미국,일반,1.601325,22997.25"
"BNK 주주가치액티브,445690,BNK자산운용,주식,스타일,기타,국내,일반,24.05505,22944"
"SOL 국고채3년,438560,신한자산운용,채권,국공채,중기,국내,일반,53.02369,22844.77"
"TIGER 미국AI반도체팹리스,491830,미래에셋자산운용,주식,테마,로보틱스 & AI,미국,일반,276.71502,22679.25"
"ACE 일본Nikkei225(H),238720,한국투자신탁운용,주식,시장대표,-,일본,일반,143.096045,22673"
"PLUS 선진국MSCI(합성 H),195970,한화자산운용,주식,시장대표,-,글로벌,일반,133.60989,22568"
"TIGER 미국달러선물인버스2X,261120,미래에셋자산운용,통화,미국달러,-,국내,2X 인버스,84.22756,22554"
"KODEX 게임산업,300950,삼성자산운용,주식,테마,게임&엔터&스포츠,국내,일반,319.300029,22539"
"PLUS 글로벌휴머노이드로봇액티브,0035T0,한화자산운용,주식,테마,로보틱스 & AI,글로벌,일반,988.328704,22506"
"PLUS 미국S&P500,429760,한화자산운용,주식,시장대표,-,미국,일반,77.853425,22464"
"ACE 미국달러단기채권액티브,440650,한국투자신탁운용,채권,혼합,단기,미국,일반,1006.686388,22448.5"
"HANARO 글로벌피지컬AI액티브,0040S0,엔에이치아문디자산운용,주식,테마,로보틱스 & AI,글로벌,일반,586.699537,22366.25"
"RISE 삼성그룹Top3채권혼합,448630,케이비자산운용,혼합자산,자산배분,채권혼합,국내,일반,256.074165,22197"
"RISE 차이나HSCEI(H),250730,케이비자산운용,주식,시장대표,-,중국,일반,92.007575,21850"
"PLUS 국채선물3년,298340,한화자산운용,채권,국공채,중기,국내,일반,0.171465,21490.28"
"ACE 미국10년국채액티브(H),0085N0,한국투자신탁운용,채권,국공채,장기,미국,일반,407.353755,21441"
"SOL 차이나육성산업액티브(합성),415760,신한자산운용,주식,시장대표,-,중국,일반,1566.401415,21294"
"ACE 마이크로소프트밸류체인액티브,483330,한국투자신탁운용,주식,테마,로보틱스 & AI,글로벌,일반,458.166605,21188.5"
"UNICORN SK하이닉스밸류체인액티브,494220,현대자산운용주식회사,주식,섹터,반도체,국내,일반,1352.270345,20810.25"
"KODEX 53-09 국고채액티브,457700,삼성자산운용,채권,국공채,장기,국내,일반,242.93174,20614.05"
"HANARO K고배당,322410,엔에이치아문디자산운용,주식,스타일,배당,국내,일반,169.643671,20364"
"RISE 미국휴머노이드로봇,0036R0,케이비자산운용,주식,테마,로보틱스 & AI,미국,일반,933.654137,20350.75"
"파워 코스피100,140950,교보악사자산운용,주식,시장대표,-,국내,일반,15.804325,20314"
"1Q 샤오미밸류체인액티브,0094X0,하나자산운용,주식,테마,기타,중국,일반,2586.800242,20277"
"TIGER TSMC파운드리밸류체인,453950,미래에셋자산운용,주식,섹터,반도체,글로벌,일반,223.139585,20186.25"
"TIMEFOLIO 미국배당다우존스액티브,0036D0,타임폴리오자산운용,주식,스타일,배당,미국,일반,233.545921,20163"
"ACE FTSE WGBI Korea,0010E0,한국투자신탁운용,채권,국공채,종합,국내,일반,1.706865,20053"
"RISE 미국반도체NYSE,469060,케이비자산운용,주식,섹터,반도체,미국,일반,54.69987,20025.5"
"PLUS 애플채권혼합,447660,한화자산운용,혼합자산,자산배분,채권혼합,글로벌,일반,249.84381,20010.5"
"HK 머니마켓액티브,0113P0,흥국자산운용,채권,혼합,단기,국내,일반,9.30215,20005"
"에셋플러스 차이나일등기업포커스10액티브,474920,에셋플러스자산운용,주식,시장대표,-,중국,일반,90.131895,19936.8"
"HANARO Fn K-푸드,438900,엔에이치아문디자산운용,주식,테마,기타,국내,일반,491.401488,19840"
"TIGER 차이나클린에너지SOLACTIVE,396510,미래에셋자산운용,주식,테마,친환경에너지,중국,일반,248.262351,19825"
"KODEX S&P글로벌인프라(합성),269420,삼성자산운용,주식,테마,인프라스트럭처,글로벌,일반,958.706755,19740.24"
"RISE 차이나항셍테크,371150,케이비자산운용,주식,테마,빅테크,중국,일반,58.862381,19530"
"PLUS TDF2060액티브,433880,한화자산운용,혼합자산,자산배분,TDF,글로벌,일반,255.119335,19372"
"TIGER 우선주,261140,미래에셋자산운용,주식,스타일,기타,국내,일반,311.000045,19104"
"KIWOOM 미국고배당&AI테크,0107F0,키움투자자산운용,주식,테마,기타,미국,일반,3150.086383,18962"
"PLUS 미국배당증가성장주데일리커버드콜,494420,한화자산운용,주식,주식파생,커버드콜,미국,일반,240.785965,18840"
"PLUS 미국다우존스고배당주(합성 H),213630,한화자산운용,주식,스타일,배당,미국,일반,72.119484,18778.2"
"RISE 바이오TOP10액티브,0000Z0,케이비자산운용,주식,섹터,헬스케어,국내,일반,456.673132,18763"
"PLUS 글로벌수소&차세대연료전지,419650,한화자산운용,주식,테마,친환경에너지,글로벌,일반,822.71967,18669"
"KODEX 인도Nifty미드캡100,0000H0,삼성자산운용,주식,규모,중형주,인도,일반,231.67109,18576"
"KODEX 코스피대형주,337140,삼성자산운용,주식,규모,대형주,국내,일반,266.004435,18496.5"
"ACE 레버리지,152500,한국투자신탁운용,주식,시장대표,-,국내,2X 레버리지,51.82389,18427.5"
"HANARO 글로벌럭셔리S&P(합성),354350,엔에이치아문디자산운용,주식,섹터,경기소비재,글로벌,일반,133.08243,18391.8"
"PLUS 일본엔화초단기국채(합성),489000,한화자산운용,채권,국공채,단기,일본,일반,1016.713207,18252"
"TIGER 코스닥150선물인버스,250780,미래에셋자산운용,주식,시장대표,-,국내,1X 인버스,554.394784,18205"
"RISE 차이나테크TOP10위클리타겟커버드콜,0094L0,케이비자산운용,주식,주식파생,커버드콜,중국,일반,3323.027953,18184"
"TIGER 원유선물Enhanced(H),130680,미래에셋자산운용,원자재,에너지,원유,글로벌,일반,434.353527,18030.75"
"TIGER 한중반도체(합성),449690,미래에셋자산운용,주식,섹터,반도체,글로벌,일반,52.442032,17947.5"
"PLUS 미국테크TOP10레버리지(합성),461910,한화자산운용,주식,테마,빅테크,미국,2X 레버리지,118.496029,17892.5"
"TIGER 200 에너지화학,139250,미래에셋자산운용,주식,섹터,소재,국내,일반,221.123577,17850"
"RISE 글로벌수소경제,417450,케이비자산운용,주식,테마,친환경에너지,글로벌,일반,499.731976,17816"
"TIGER 리츠부동산인프라채권,341850,미래에셋자산운용,혼합자산,자산배분,채권혼합,국내,일반,9.378035,17741.5"
"ACE 미국IT인터넷S&P(합성 H),280320,한국투자신탁운용,주식,섹터,정보기술,미국,일반,2.348625,17700"
"RISE 200고배당커버드콜ATM,290080,케이비자산운용,주식,주식파생,커버드콜,국내,일반,82.773853,17608.5"
"RISE 테슬라미국채타겟커버드콜혼합(합성),0013R0,케이비자산운용,혼합자산,자산배분,채권혼합,미국,일반,125.853825,17577"
"ACE 아시아TOP50S&P,277540,한국투자신탁운용,주식,시장대표,-,아시아,일반,58.30322,17480"
"ACE 중국과창판STAR50,416090,한국투자신탁운용,주식,시장대표,-,중국,일반,2377.395927,17452.5"
"RISE 200금융,284980,케이비자산운용,주식,섹터,금융,국내,일반,164.37853,17317.8"
"RISE 글로벌주식분산액티브,459750,케이비자산운용,주식,시장대표,-,글로벌,일반,143.942415,17264.5"
"TIMEFOLIO 글로벌소비트렌드액티브,494180,타임폴리오자산운용,주식,테마,내수소비,글로벌,일반,36.726892,17114.5"
"에셋플러스 코리아플랫폼액티브,407820,에셋플러스자산운용,주식,스타일,기타,국내,일반,0.97823,17010"
"PLUS 우량회사채50,239660,한화자산운용,채권,회사채,단기,국내,일반,72.576505,16989"
"SOL 미국S&P500미국채혼합50,0080X0,신한자산운용,혼합자산,자산배분,채권혼합,미국,일반,1553.529316,16976"
"KODEX 미국S&P바이오(합성),185680,삼성자산운용,주식,섹터,헬스케어,미국,일반,113.986946,16900.76"
"KODEX 자율주행액티브,385520,삼성자산운용,주식,테마,차세대모빌리티,국내,일반,33.769075,16900"
"TIGER 글로벌멀티에셋TIF액티브,440340,미래에셋자산운용,혼합자산,자산배분,TIF,글로벌,일반,75.474847,16856.25"
"PLUS 국고채30년액티브,451600,한화자산운용,채권,국공채,장기,국내,일반,18.124225,16813.86"
"KODEX 필수소비재,266410,삼성자산운용,주식,섹터,필수소비재,국내,일반,156.699524,16780"
"HANARO 코스닥150,304770,엔에이치아문디자산운용,주식,시장대표,-,국내,일반,11.04911,16758"
"RISE 미국고정배당우선증권,354240,케이비자산운용,혼합자산,자산배분,주식혼합,미국,일반,49.942187,16667"
"KIWOOM 코스닥150,316670,키움투자자산운용,주식,시장대표,-,국내,일반,622.333585,16472.8"
"TIGER 은행,091220,미래에셋자산운용,주식,섹터,금융,국내,일반,93.224139,16401"
"RISE 채권혼합,183700,케이비자산운용,혼합자산,자산배분,주식혼합,국내,일반,14.508065,16380"
"ACE TDF2050액티브,0021E0,한국투자신탁운용,혼합자산,자산배분,TDF,글로벌,일반,650.42005,16370.5"
"RISE 미국S&P원유생산기업(합성 H),219390,케이비자산운용,주식,섹터,에너지,미국,일반,182.388941,16335"
"HANARO Fn전기&수소차,381560,엔에이치아문디자산운용,주식,테마,차세대모빌리티,국내,일반,64.429401,16225.75"
"TIGER 일본반도체FACTSET,465660,미래에셋자산운용,주식,섹터,반도체,일본,일반,169.708944,16203"
"RISE 미국S&P배당킹,460660,케이비자산운용,주식,스타일,배당,미국,일반,117.24881,16102.5"
"VITA MZ소비액티브,422260,한국투자밸류자산운용,주식,테마,내수소비,국내,일반,18.737875,16057.5"
"KoAct 글로벌양자컴퓨팅액티브,0020H0,삼성액티브자산운용,주식,테마,양자컴퓨팅,글로벌,일반,1329.422709,16051.5"
"PLUS 미국양자컴퓨팅TOP10,0023B0,한화자산운용,주식,테마,양자컴퓨팅,미국,일반,809.803147,15930"
"ACE 미국배당퀄리티채권혼합50,0049K0,한국투자신탁운용,혼합자산,자산배분,채권혼합,글로벌,일반,74.036569,15870"
"TIGER 금은선물(H),139320,미래에셋자산운용,원자재,금속,혼합,글로벌,일반,983.495911,15822.25"
"ACE 러시아MSCI(합성),265690,한국투자신탁운용,주식,시장대표,-,러시아,일반,[object Object],15789.75"
"KODEX 우량주,275300,삼성자산운용,주식,퀀트,퀄리티,국내,일반,444.19166,15652"
"RISE V&S셀렉트밸류채권혼합,241390,케이비자산운용,혼합자산,자산배분,주식혼합,국내,일반,23.07157,15606"
"KODEX 기계장비,102960,삼성자산운용,주식,섹터,산업재,국내,일반,105.646479,15569.4"
"파워 K-주주가치액티브,491510,교보악사자산운용,주식,스타일,기타,국내,일반,1.213065,15552"
"PLUS K방산소부장,0090B0,한화자산운용,주식,테마,방산,국내,일반,910.352225,15522"
"KIWOOM KRX100,100910,키움투자자산운용,주식,시장대표,-,국내,일반,2.33646,15508.5"
"ACE 차이나항셍테크,371870,한국투자신탁운용,주식,테마,빅테크,중국,일반,250.530697,15440"
"KIWOOM 200선물레버리지,253250,키움투자자산운용,주식,시장대표,-,국내,2X 레버리지,68.434628,15246"
"KODEX MSCI Korea,156080,삼성자산운용,주식,시장대표,-,국내,일반,6.825285,15186.5"
"TIGER 리츠부동산인프라10채권혼합액티브,0086C0,미래에셋자산운용,혼합자산,자산배분,채권혼합,국내,일반,205.41517,15157.5"
"SOL 반도체후공정,475310,신한자산운용,주식,섹터,반도체,국내,일반,559.94275,15147"
"HANARO 200 TOP10,407310,엔에이치아문디자산운용,주식,규모,대형주,국내,일반,61.01355,15058.25"
"KODEX 200exTOP,337150,삼성자산운용,주식,규모,대형주,국내,일반,57.058785,15016.5"
"ACE 2차전지&친환경차액티브,385600,한국투자신탁운용,주식,테마,차세대모빌리티,국내,일반,106.023581,15007.5"
"KODEX 200가치저변동,223190,삼성자산운용,주식,퀀트,혼합,국내,일반,94.83113,14965"
"에셋플러스 글로벌일등기업포커스10액티브,477490,에셋플러스자산운용,주식,시장대표,-,글로벌,일반,28.215555,14932"
"ACE 멕시코MSCI(합성),291130,한국투자신탁운용,주식,시장대표,-,멕시코,일반,27.048894,14913"
"TIGER KEDI혁신기업ESG30,417630,미래에셋자산운용,주식,스타일,ESG,국내,일반,26.081275,14910"
"RISE 5대그룹주,105780,케이비자산운용,주식,스타일,그룹주,국내,일반,4.25904,14820"
"RISE 헬스케어채권혼합,253290,케이비자산운용,혼합자산,자산배분,주식혼합,국내,일반,118.21628,14712"
"KODEX 200 중소형,226980,삼성자산운용,주식,규모,중형주,국내,일반,179.01451,14708"
"RISE 테슬라고정테크100,0047P0,케이비자산운용,주식,테마,기타,미국,일반,228.562515,14630"
"에셋플러스 글로벌대장장이액티브,433220,에셋플러스자산운용,주식,시장대표,-,글로벌,일반,35.27193,14582.4"
"TRUSTON 주주가치액티브,472720,트러스톤자산운용,주식,스타일,기타,국내,일반,30.927541,14563.6"
"RISE 유로스탁스50(H),379790,케이비자산운용,주식,시장대표,-,유럽,일반,322.5743,14549.25"
"KODEX 한중반도체(합성),450190,삼성자산운용,주식,섹터,반도체,글로벌,일반,91.723315,14505"
"PLUS 미국S&P500미국채혼합50액티브,0057H0,한화자산운용,혼합자산,자산배분,채권혼합,미국,일반,403.56043,14313"
"KoAct 글로벌친환경전력인프라액티브,475070,삼성액티브자산운용,주식,테마,전력인프라,글로벌,일반,177.338856,14267.5"
"ITF 200,472840,IBK자산운용,주식,시장대표,-,국내,일반,8.31496,14257.5"
"KODEX 미국ETF산업Top10 Indxx,428560,삼성자산운용,주식,테마,기타,미국,일반,103.349825,14229"
"ACE 코스피,305050,한국투자신탁운용,주식,시장대표,-,국내,일반,161.019875,14218"
"PLUS 태양광&ESS,457990,한화자산운용,주식,테마,친환경에너지,국내,일반,311.009537,14207.75"
"TIGER 퓨처모빌리티액티브,387280,미래에셋자산운용,주식,테마,차세대모빌리티,국내,일반,31.636732,14198.4"
"KODEX 모멘텀주,275280,삼성자산운용,주식,퀀트,모멘텀,국내,일반,179.87507,14171.5"
"에셋플러스 코리아대장장이액티브,442090,에셋플러스자산운용,주식,테마,기타,국내,일반,5.812775,14116.5"
"KODEX 유럽명품TOP10 STOXX,456250,삼성자산운용,주식,섹터,경기소비재,유럽,일반,409.795825,14013"
"TIGER K게임,300610,미래에셋자산운용,주식,테마,게임&엔터&스포츠,국내,일반,152.85661,14000"
"TIGER 글로벌자원생산기업(합성 H),276000,미래에셋자산운용,주식,섹터,소재,글로벌,일반,21.203809,13991"
"RISE 중국MSCI China(H),310080,케이비자산운용,주식,시장대표,-,중국,일반,136.321473,13962"
"HANARO 미국S&P500,432840,엔에이치아문디자산운용,주식,시장대표,-,미국,일반,5.332565,13960"
"PLUS 200선물레버리지,253150,한화자산운용,주식,시장대표,-,국내,2X 레버리지,11.016516,13915"
"PLUS 일본반도체소부장,464920,한화자산운용,주식,섹터,반도체,일본,일반,272.776601,13882.5"
"TIGER 농산물선물Enhanced(H),137610,미래에셋자산운용,원자재,농산물,혼합,글로벌,일반,24.026315,13878"
"1Q 차이나H(H),472350,하나자산운용,주식,시장대표,-,중국,일반,2.190955,13844"
"SOL 국제금,0066W0,신한자산운용,원자재,금속,금,미국,일반,3286.526725,13830"
"PLUS 미국로보택시,0078V0,한화자산운용,주식,테마,차세대모빌리티,미국,일반,353.792788,13760.25"
"ACE 골드선물 레버리지(합성 H),225130,한국투자신탁운용,원자재,금속,금,글로벌,2X 레버리지,899.567433,13756.5"
"PLUS 미국테크TOP10,461900,한화자산운용,주식,테마,빅테크,미국,일반,49.73697,13744.25"
"TIGER 코리아테크액티브,471780,미래에셋자산운용,주식,섹터,정보기술,국내,일반,90.384382,13692"
"RISE 배터리 리사이클링,446700,케이비자산운용,주식,테마,2차전지(배터리),국내,일반,75.766505,13635.4"
"TIGER 미국캐시카우100,465670,미래에셋자산운용,주식,테마,기타,미국,일반,109.570214,13630"
"RISE 200선물인버스2X,252420,케이비자산운용,주식,시장대표,-,국내,2X 인버스,215.330337,13570.2"
"ACE 미국친환경그린테마INDXX,391600,한국투자신탁운용,주식,테마,친환경에너지,미국,일반,80.722582,13518.75"
"KODEX 미국S&P500필수소비재,453630,삼성자산운용,주식,섹터,필수소비재,미국,일반,44.965817,13495.25"
"KODEX 미국S&P500유틸리티,463640,삼성자산운용,주식,섹터,유틸리티,미국,일반,65.017503,13490"
"KODEX 코스닥글로벌,461450,삼성자산운용,주식,테마,기타,국내,일반,17.459395,13460"
"ACE 애플밸류체인액티브,483420,한국투자신탁운용,주식,테마,기타,글로벌,일반,96.901765,13408.5"
"TIGER 일본TOPIX(합성 H),195920,미래에셋자산운용,주식,시장대표,-,일본,일반,14.810815,13365"
"PLUS 차이나AI테크TOP10,0047N0,한화자산운용,주식,테마,로보틱스 & AI,중국,일반,193.554566,13324.5"
"마이티 코스피100,159800,디비자산운용,주식,시장대표,-,국내,일반,52.627795,13294.8"
"TRUSTON 코리아밸류업액티브,496130,트러스톤자산운용,주식,시장대표,-,국내,일반,12.39939,13288.8"
"TIGER 차이나항셍30,117690,미래에셋자산운용,주식,시장대표,-,중국,일반,227.362233,13125.75"
"RISE 국채선물10년인버스,295020,케이비자산운용,채권,국공채,장기,국내,1X 인버스,0.385155,13106.66"
"KODEX 웹툰&드라마,395150,삼성자산운용,주식,테마,게임&엔터&스포츠,국내,일반,346.240079,13104"
"ACE 글로벌브랜드TOP10블룸버그,435040,한국투자신탁운용,주식,테마,기타,글로벌,일반,68.05556,13055"
"TREX 펀더멘탈 200,145850,유리자산운용,주식,퀀트,혼합,국내,일반,0.67521,12985"
"KODEX iShares미국인플레이션국채액티브,468370,삼성자산운용,채권,국공채,종합,미국,일반,107.551575,12980.4"
"에셋플러스 글로벌영에이지액티브,451150,에셋플러스자산운용,주식,테마,내수소비,글로벌,일반,9.874335,12948.7"
"TIGER S&P글로벌인프라(합성),269370,미래에셋자산운용,주식,테마,인프라스트럭처,글로벌,일반,2.157411,12884"
"KODEX 미국S&P500경기소비재,453660,삼성자산운용,주식,섹터,경기소비재,미국,일반,2.80373,12761"
"ITF K-AI반도체코어테크,0005G0,IBK자산운용,주식,테마,로보틱스 & AI,국내,일반,53.763565,12699"
"FOCUS ESG리더스,285690,브이아이자산운용,주식,스타일,ESG,국내,일반,0.01404,12636"
"KODEX 가치주,275290,삼성자산운용,주식,퀀트,가치,국내,일반,485.591915,12636"
"ACE 미국중심중소형제조업,0008E0,한국투자신탁운용,주식,퀀트,사이즈,미국,일반,15.928685,12632.75"
"ACE 국고채3년,114460,한국투자신탁운용,채권,국공채,중기,국내,일반,105.095945,12405.6"
"PLUS 미국나스닥100미국채혼합50,0089B0,한화자산운용,혼합자산,자산배분,채권혼합,미국,일반,398.31972,12402"
"HK 베스트일레븐액티브,391670,흥국자산운용,주식,시장대표,-,국내,일반,0.46922,12383.25"
"RISE 국고채3년선물인버스,282000,케이비자산운용,채권,국공채,중기,국내,1X 인버스,0.44595,12378.72"
"TIGER 코스피대형주,277640,미래에셋자산운용,주식,규모,대형주,국내,일반,263.096725,12215"
"FOCUS 200,0098Z0,브이아이자산운용,주식,시장대표,-,국내,일반,49.810555,12196.5"
"KODEX 대만테크고배당다우존스,487950,삼성자산운용,주식,스타일,배당,아시아,일반,51.137534,12174"
"KoAct 브로드컴밸류체인액티브,0051A0,삼성액티브자산운용,주식,섹터,반도체,미국,일반,239.21355,12065.75"
"HANARO Fn K-게임,395280,엔에이치아문디자산운용,주식,테마,게임&엔터&스포츠,국내,일반,30.60446,12049.5"
"HANARO KOFR금리액티브(합성),453060,엔에이치아문디자산운용,기타,금리,-,국내,일반,43.51999,11968"
"1Q 미국나스닥100미국채혼합50액티브,0111P0,하나자산운용,혼합자산,자산배분,채권혼합,미국,일반,11967.33563,11952"
"ACE 코리아밸류업,496120,한국투자신탁운용,주식,시장대표,-,국내,일반,7.005075,11925.5"
"RISE 국채30년레버리지(합성),451670,케이비자산운용,채권,국공채,장기,국내,2X 레버리지,62.28507,11920"
"KODEX 기후변화솔루션,404260,삼성자산운용,주식,스타일,ESG,국내,일반,5.36037,11884.5"
"HANARO 유럽방산,0082F0,엔에이치아문디자산운용,주식,테마,방산,유럽,일반,249.036254,11880.75"
"KIWOOM 블루칩,104520,키움투자자산운용,주식,규모,대형주,국내,일반,5.449105,11748"
"TIGER 이머징마켓MSCI레버리지(합성 H),225060,미래에셋자산운용,주식,시장대표,-,글로벌,2X 레버리지,0.17709,11702.4"
"RISE 엔비디아고정테크100,0093B0,케이비자산운용,주식,테마,로보틱스 & AI,미국,일반,5329.949058,11687.5"
"KIWOOM 물가채KIS,430500,키움투자자산운용,채권,국공채,종합,국내,일반,170.43234,11680"
"KODEX 미국클린에너지나스닥,419420,삼성자산운용,주식,테마,친환경에너지,미국,일반,279.524222,11670"
"ACE 삼성그룹동일가중,131890,한국투자신탁운용,주식,스타일,그룹주,국내,일반,66.12806,11595"
"ACE 장기자산배분액티브,0021C0,한국투자신탁운용,혼합자산,자산배분,TDF,글로벌,일반,19.90015,11595"
"ACE 차이나AI빅테크TOP2+액티브,0087F0,한국투자신탁운용,주식,테마,로보틱스 & AI,중국,일반,2685.710849,11590"
"TIGER 탄소효율그린뉴딜,376410,미래에셋자산운용,주식,스타일,ESG,국내,일반,8.896232,11565"
"파워 고배당저변동성,192720,교보악사자산운용,주식,스타일,배당,국내,일반,20.36155,11507.4"
"RISE TDF2040액티브,442560,케이비자산운용,혼합자산,자산배분,TDF,글로벌,일반,56.73636,11484"
"KIWOOM 코스피100,153270,키움투자자산운용,주식,시장대표,-,국내,일반,159.314595,11433.6"
"KIWOOM 미국테크100월간목표헤지액티브,0084D0,키움투자자산운용,주식,주식파생,기타,미국,일반,1422.190535,11385"
"RISE 테슬라애플아마존채권혼합,449580,케이비자산운용,혼합자산,자산배분,채권혼합,글로벌,일반,267.059614,11378.5"
"KODEX 미국S&P500커뮤니케이션,463690,삼성자산운용,주식,섹터,커뮤니케이션서비스,미국,일반,15.29374,11367"
"KIWOOM 미국달러선물인버스2X,230480,키움투자자산운용,통화,미국달러,-,국내,2X 인버스,16.108405,11361.9"
"마이티 바이오시밀러&CDMO액티브,0001P0,디비자산운용,주식,섹터,헬스케어,국내,일반,110.38463,11310"
"SOL KRX300,292500,신한자산운용,주식,시장대표,-,국내,일반,9.86537,11280"
"RISE 미국은행TOP10,0013P0,케이비자산운용,주식,섹터,금융,미국,일반,228.541939,11205"
"SOL 한국AI소프트웨어,0105D0,신한자산운용,주식,테마,로보틱스 & AI,국내,일반,3028.852386,11203.5"
"VITA 밸류알파액티브,452440,한국투자밸류자산운용,주식,퀀트,가치,국내,일반,1381.44531,11193"
"ACE 유럽방산TOP10,0102X0,한국투자신탁운용,주식,테마,방산,유럽,일반,3869.662528,11182.5"
"RISE 미국양자컴퓨팅,0018Z0,케이비자산운용,주식,테마,양자컴퓨팅,미국,일반,429.672313,11158"
"TIGER KRX300,292160,미래에셋자산운용,주식,시장대표,-,국내,일반,19.676805,11130"
"에셋플러스 인도일등기업포커스20액티브,0002C0,에셋플러스자산운용,주식,시장대표,-,인도,일반,12.905545,11129.4"
"TIGER MKF배당귀족,445910,미래에셋자산운용,주식,스타일,배당,국내,일반,32.00074,11088"
"KODEX 혁신기술테마액티브,364690,삼성자산운용,주식,시장대표,-,국내,일반,5.19652,11073"
"TIGER LG그룹+펀더멘털,138530,미래에셋자산운용,주식,스타일,그룹주,국내,일반,79.98176,11044.8"
"KODEX 아시아AI반도체exChina액티브,446690,삼성자산운용,주식,섹터,반도체,아시아,일반,36.583575,11027.5"
"KIWOOM 미국달러선물레버리지,225800,키움투자자산운용,통화,미국달러,-,국내,2X 레버리지,9.55362,11019.6"
"HANARO 바이오코리아액티브,498050,엔에이치아문디자산운용,주식,섹터,헬스케어,국내,일반,189.322765,10969.25"
"KODEX 운송,140710,삼성자산운용,주식,섹터,산업재,국내,일반,190.259897,10934.5"
"RISE 코리아밸류업위클리고정커버드콜,0094M0,케이비자산운용,주식,주식파생,커버드콜,국내,일반,918.46951,10925"
"ACE TDF2030액티브,0021D0,한국투자신탁운용,혼합자산,자산배분,TDF,글로벌,일반,24.790815,10810"
"RISE 미국천연가스밸류체인,0036Z0,케이비자산운용,주식,섹터,에너지,미국,일반,38.20085,10775"
"PLUS 글로벌HBM반도체,442580,한화자산운용,주식,섹터,반도체,글로벌,일반,176.14658,10728"
"ACE 글로벌AI맞춤형반도체,494340,한국투자신탁운용,주식,테마,로보틱스 & AI,글로벌,일반,151.38235,10646.25"
"PLUS S&P글로벌인프라,269530,한화자산운용,주식,테마,인프라스트럭처,글로벌,일반,53.24072,10452.75"
"RISE 중소형고배당,281990,케이비자산운용,주식,스타일,배당,국내,일반,29.03649,10388"
"WON AI ESG액티브,413930,우리자산운용,주식,스타일,ESG,국내,일반,1.156695,10352"
"KIWOOM K-테크TOP10,469790,키움투자자산운용,주식,테마,빅테크,국내,일반,195.721211,10339"
"HANARO 탄소효율그린뉴딜,375760,엔에이치아문디자산운용,주식,스타일,ESG,국내,일반,4.065995,10332"
"더제이 중소형포커스액티브,0053M0,더제이자산운용,주식,규모,중형주,국내,일반,14.81881,10205"
"ACE 인도시장대표BIG5그룹액티브,487920,한국투자신탁운용,주식,규모,대형주,인도,일반,12.457079,10104"
"PLUS 고배당저변동50,251590,한화자산운용,주식,스타일,배당,국내,일반,24.735267,10075"
"KoAct 미국나스닥채권혼합50액티브,0104H0,삼성액티브자산운용,혼합자산,자산배분,채권혼합,글로벌,일반,2839.933648,10015"
"HK S&P코리아로우볼,215620,흥국자산운용,주식,퀀트,변동성,국내,일반,[object Object],10010.7"
"TIGER MSCI KOREA ESG리더스,289260,미래에셋자산운용,주식,스타일,ESG,국내,일반,27.81727,9995.4"
"RISE 주식혼합,183710,케이비자산운용,혼합자산,자산배분,주식혼합,국내,일반,2.04667,9982"
"KIWOOM 미국달러SOFR금리액티브(합성),460270,키움투자자산운용,기타,금리,-,미국,일반,9.918025,9967.05"
"TIMEFOLIO K이노베이션액티브,385710,타임폴리오자산운용,주식,테마,뉴딜,국내,일반,41.75506,9944"
"KODEX 멀티팩터,337120,삼성자산운용,주식,퀀트,혼합,국내,일반,0.016515,9909"
"KODEX KTOP30,229720,삼성자산운용,주식,시장대표,-,국내,일반,145.5824,9905"
"ACE 미국부동산리츠(합성 H),181480,한국투자신탁운용,부동산,리츠,-,미국,일반,13.368895,9898.8"
"KODEX 미국스마트모빌리티S&P,390400,삼성자산운용,주식,테마,차세대모빌리티,미국,일반,57.089094,9877"
"TIGER 차이나CSI300인버스(합성),217780,미래에셋자산운용,주식,시장대표,-,중국,1X 인버스,5.302055,9808"
"TIGER 미국달러선물레버리지,261110,미래에셋자산운용,통화,미국달러,-,국내,2X 레버리지,3.626322,9735"
"WON 한국부동산TOP3플러스,480460,우리자산운용,부동산,리츠,-,국내,일반,15.09731,9730"
"KODEX MSCI KOREA ESG유니버설,289040,삼성자산운용,주식,스타일,ESG,국내,일반,4.158,9702"
"BNK 미래전략기술액티브,457930,BNK자산운용,주식,테마,기타,국내,일반,0.353045,9630"
"PLUS K리츠,429740,한화자산운용,부동산,리츠,-,국내,일반,41.950035,9618"
"PLUS ESG성장주액티브,395760,한화자산운용,주식,퀀트,성장,국내,일반,8.159365,9592.25"
"RISE 우량업종대표주,140580,케이비자산운용,주식,스타일,섹터로테이션,국내,일반,0.35227,9582"
"TREX 200,108590,유리자산운용,주식,시장대표,-,국내,일반,7.221425,9549"
"FOCUS 알리바바미국채커버드콜혼합,0073X0,브이아이자산운용,혼합자산,자산배분,채권혼합,미국,일반,595.665282,9468"
"SOL 글로벌탄소배출권선물ICE(합성),400590,신한자산운용,기타,탄소배출권,-,글로벌,일반,11.255305,9415"
"SOL 머니마켓액티브,484890,신한자산운용,채권,혼합,단기,국내,일반,117.98916,9251.55"
"TIGER MSCI KOREA ESG유니버설,289250,미래에셋자산운용,주식,스타일,ESG,국내,일반,0.61748,9223.5"
"HANARO Fn5G산업,367740,엔에이치아문디자산운용,주식,테마,5G(차세대통신),국내,일반,3.915045,9009"
"마이다스 중소형액티브,438740,마이다스에셋자산운용,주식,규모,중형주,국내,일반,2.01133,9006"
"HANARO 글로벌워터MSCI(합성),424460,엔에이치아문디자산운용,주식,테마,기타,글로벌,일반,1.493955,8958"
"RISE 미국S&P500엔화노출(합성 H),0005C0,케이비자산운용,주식,시장대표,-,미국,일반,0.704065,8944"
"SOL 200 Top10,411540,신한자산운용,주식,규모,대형주,국내,일반,130.756625,8901"
"RISE 헬스케어,253280,케이비자산운용,주식,섹터,헬스케어,국내,일반,206.838588,8892"
"KODEX 모멘텀Plus,244620,삼성자산운용,주식,퀀트,모멘텀,국내,일반,0.769735,8877"
"PLUS 코스피,227830,한화자산운용,주식,시장대표,-,국내,일반,13.95064,8876.25"
"SOL 국고채30년액티브,474390,신한자산운용,채권,국공채,장기,국내,일반,1.721555,8869.6"
"TIGER 200커뮤니케이션서비스,315270,미래에셋자산운용,주식,섹터,커뮤니케이션서비스,국내,일반,1.311105,8856"
"RISE 글로벌데이터센터리츠(합성),375270,케이비자산운용,부동산,리츠,-,글로벌,일반,28.909625,8804.25"
"에셋플러스 글로벌다이나믹시니어액티브,462340,에셋플러스자산운용,주식,테마,기타,글로벌,일반,2.4163,8738.6"
"HANARO KRX300,304760,엔에이치아문디자산운용,주식,시장대표,-,국내,일반,1.83184,8730"
"RISE V&S셀렉트밸류,234310,케이비자산운용,주식,퀀트,가치,국내,일반,0.38264,8667.5"
"TIGER 한중전기차(합성),449680,미래에셋자산운용,주식,테마,2차전지(배터리),글로벌,일반,4.14853,8580.75"
"KODEX 코스닥150롱코스피200숏선물,360150,삼성자산운용,주식,스타일,롱숏,국내,일반,35.285255,8574.5"
"SOL 미국S&P500엔화노출(H),499150,신한자산운용,주식,시장대표,-,미국,일반,5.0975,8560"
"KODEX MSCI EM선물(H),291890,삼성자산운용,주식,시장대표,-,글로벌,일반,23.929065,8517"
"SOL 미국500타겟데일리커버드콜액티브,494210,신한자산운용,주식,주식파생,커버드콜,미국,일반,966.143389,8468"
"KODEX 200동일가중,252650,삼성자산운용,주식,스타일,동일가중,국내,일반,4.95962,8388"
"KoAct AI인프라액티브,487130,삼성액티브자산운용,주식,테마,로보틱스 & AI,국내,일반,219.70764,8284.25"
"TIGER 단기선진하이일드(합성 H),182490,미래에셋자산운용,채권,회사채,종합,글로벌,일반,19.179288,8259"
"TIGER 미국소비트렌드액티브,0015K0,미래에셋자산운용,주식,테마,내수소비,미국,일반,2.811855,8225.85"
"RISE 글로벌클린에너지,399580,케이비자산운용,주식,테마,친환경에너지,글로벌,일반,70.337502,8150"
"RISE KQ고배당,270800,케이비자산운용,주식,스타일,배당,국내,일반,6.1983,7980"
"TIGER 로우볼,174350,미래에셋자산운용,주식,퀀트,변동성,국내,일반,12.83912,7946.4"
"TIGER 경기방어채권혼합,237440,미래에셋자산운용,혼합자산,자산배분,주식혼합,국내,일반,44.62738,7944"
"KODEX 최소변동성,279540,삼성자산운용,주식,퀀트,변동성,국내,일반,0.383875,7941"
"SOL KRX기후변화솔루션,404650,신한자산운용,주식,스타일,ESG,국내,일반,0.449635,7935"
"RISE KRX300,292050,케이비자산운용,주식,시장대표,-,국내,일반,11.36142,7932.75"
"KODEX K-뉴딜디지털플러스,368680,삼성자산운용,주식,테마,뉴딜,국내,일반,2.382765,7930"
"PLUS 주도업종,280920,한화자산운용,주식,스타일,섹터로테이션,국내,일반,1.867335,7909"
"TIGER 미국나스닥넥스트100,429010,미래에셋자산운용,주식,시장대표,-,미국,일반,32.268938,7897.5"
"SOL 자동차소부장Fn,464600,신한자산운용,주식,테마,차세대모빌리티,국내,일반,7.99541,7856"
"TIGER 200커버드콜OTM,166400,미래에셋자산운용,주식,주식파생,커버드콜,국내,일반,9.651295,7845"
"RISE 미국장기국채선물(H),267440,케이비자산운용,채권,국공채,장기,미국,일반,10.822245,7834.5"
"KIWOOM TDF2050액티브,435550,키움투자자산운용,혼합자산,자산배분,TDF,글로벌,일반,67.797195,7800"
"KIWOOM 차이나A50커넥트MSCI,441330,키움투자자산운용,주식,시장대표,-,중국,일반,34.720015,7787"
"KIWOOM 미국ETF산업STOXX,426330,키움투자자산운용,주식,테마,기타,미국,일반,11.199985,7720"
"HANARO 글로벌반도체TOP10 SOLACTIVE,464060,엔에이치아문디자산운용,주식,섹터,반도체,글로벌,일반,41.64266,7701.75"
"ACE 중국본토CSI300레버리지(합성),219900,한국투자신탁운용,주식,시장대표,-,중국,2X 레버리지,34.95403,7695"
"KIWOOM TDF2040액티브,435540,키움투자자산운용,혼합자산,자산배분,TDF,글로벌,일반,12.18877,7655"
"TIGER 우량가치,227570,미래에셋자산운용,주식,퀀트,혼합,국내,일반,232.941705,7601.55"
"KIWOOM 미국방어배당성장나스닥,373790,키움투자자산운용,주식,스타일,배당,미국,일반,30.32782,7592.5"
"TIGER 코스닥글로벌,461580,미래에셋자산운용,주식,테마,기타,국내,일반,33.9006,7570.75"
"TIGER 미국S&P500선물인버스(H),225030,미래에셋자산운용,주식,시장대표,-,미국,1X 인버스,79.51521,7569"
"RISE TDF2030액티브,442550,케이비자산운용,혼합자산,자산배분,TDF,글로벌,일반,9.74415,7485.5"
"KIWOOM 미국원유에너지기업,474800,키움투자자산운용,주식,섹터,에너지,미국,일반,169.352455,7481.5"
"PLUS 미국AI에이전트,0050E0,한화자산운용,주식,테마,로보틱스 & AI,미국,일반,24.623625,7425"
"KODEX 국채선물3년인버스,292770,삼성자산운용,채권,국공채,중기,국내,1X 인버스,[object Object],7387.38"
"TIGER 의료기기,307510,미래에셋자산운용,주식,섹터,헬스케어,국내,일반,184.02618,7384"
"마이다스 일본테크액티브,488290,마이다스에셋자산운용,주식,테마,빅테크,일본,일반,1.30461,7381"
"TIGER 원유선물인버스(H),217770,미래에셋자산운용,원자재,에너지,원유,글로벌,1X 인버스,309.258306,7322"
"RISE 일본섹터TOP4Plus,488480,케이비자산운용,주식,스타일,섹터로테이션,일본,일반,22.174172,7315.75"
"TIMEFOLIO 글로벌안티에이징바이오액티브,485810,타임폴리오자산운용,주식,섹터,헬스케어,글로벌,일반,77.760196,7297.25"
"ACE 일라이릴리밸류체인,497520,한국투자신탁운용,주식,섹터,헬스케어,글로벌,일반,6.86733,7290.5"
"ACE Fn5G플러스,380340,한국투자신탁운용,주식,테마,5G(차세대통신),국내,일반,97.25577,7272"
"ACE 일본TOPIX인버스(합성 H),205720,한국투자신탁운용,주식,시장대표,-,일본,1X 인버스,20.54818,7254"
"1Q K소버린AI,0103T0,하나자산운용,주식,테마,로보틱스 & AI,국내,일반,3301.279395,7206.5"
"TIGER 200 산업재,227550,미래에셋자산운용,주식,섹터,산업재,국내,일반,16.783815,7087.5"
"HANARO Fn친환경에너지,381570,엔에이치아문디자산운용,주식,테마,친환경에너지,국내,일반,90.985254,7063.25"
"KIWOOM 글로벌퓨처모빌리티,394350,키움투자자산운용,주식,테마,차세대모빌리티,글로벌,일반,7.713725,7050"
"RISE 미국장기국채선물레버리지(합성 H),267490,케이비자산운용,채권,국공채,장기,미국,2X 레버리지,4.015235,7026"
"ACE 싱가포르리츠,316300,한국투자신탁운용,부동산,리츠,-,아시아,일반,64.288737,7007.5"
"KIWOOM TDF2030액티브,435530,키움투자자산운용,혼합자산,자산배분,TDF,글로벌,일반,5.095965,7000"
"PLUS 국채선물10년,289670,한화자산운용,채권,국공채,장기,국내,일반,19.603285,6991.74"
"TIGER KTOP30,228820,미래에셋자산운용,주식,시장대표,-,국내,일반,43.40861,6986"
"ACE 글로벌빅파마,497510,한국투자신탁운용,주식,섹터,헬스케어,글로벌,일반,23.571024,6958"
"KoAct 미국뇌질환치료제액티브,490330,삼성액티브자산운용,주식,섹터,헬스케어,미국,일반,175.01089,6937"
"PLUS 심천차이넥스트(합성),256450,한화자산운용,주식,시장대표,-,중국,일반,43.941402,6915"
"SOL 한국형글로벌전기차&2차전지액티브,429980,신한자산운용,주식,테마,2차전지(배터리),글로벌,일반,52.233465,6907.5"
"PLUS 글로벌MSCI(합성 H),189400,한화자산운용,주식,시장대표,-,글로벌,일반,9.552295,6807"
"KODEX 한중전기차(합성),450180,삼성자산운용,주식,테마,2차전지(배터리),글로벌,일반,3.74188,6743.75"
"SOL 유럽탄소배출권선물S&P(H),400580,신한자산운용,기타,탄소배출권,-,유럽,일반,2.654775,6711"
"HANARO 반도체핵심공정주도주,476260,엔에이치아문디자산운용,주식,섹터,반도체,국내,일반,803.279642,6613"
"TIGER 유로스탁스레버리지(합성 H),225050,미래에셋자산운용,주식,시장대표,-,유럽,2X 레버리지,4.99558,6580"
"KODEX 국채선물10년인버스,176950,삼성자산운용,채권,국공채,장기,국내,1X 인버스,0.38327,6577.2"
"RISE 미국반도체인버스(합성 H),491630,케이비자산운용,주식,섹터,반도체,미국,1X 인버스,9.875505,6502.5"
"KIWOOM Fn유전자혁신기술,460280,키움투자자산운용,주식,섹터,헬스케어,국내,일반,10.77806,6474"
"PLUS 미국달러SOFR금리액티브(합성),456200,한화자산운용,기타,금리,-,미국,일반,5.29561,6472.4"
"KODEX 코리아혁신성장액티브,373490,삼성자산운용,주식,테마,기타,국내,일반,0.649195,6453"
"KIWOOM 엔비디아미국30년국채혼합액티브(H),0015E0,키움투자자산운용,혼합자산,자산배분,채권혼합,미국,일반,23.819337,6405"
"SOL 차이나태양광CSI(합성),413220,신한자산운용,주식,테마,친환경에너지,중국,일반,125.885962,6360"
"RISE 수출주,140570,케이비자산운용,주식,테마,기타,국내,일반,0.9418,6168"
"KIWOOM K-반도체북미공급망,488210,키움투자자산운용,주식,섹터,반도체,국내,일반,1392.476185,6063.75"
"RISE 국채선물10년,295000,케이비자산운용,채권,국공채,장기,국내,일반,8.114625,6000.48"
"UNICORN R&D 액티브,433250,현대자산운용주식회사,주식,시장대표,-,국내,일반,0.05979,5984"
"HANARO 글로벌탄소배출권선물ICE(합성),401590,엔에이치아문디자산운용,기타,탄소배출권,-,글로벌,일반,69.324305,5967.5"
"RISE 미국달러선물인버스,469530,케이비자산운용,통화,미국달러,-,국내,1X 인버스,1.92368,5939.2"
"KIWOOM 의료AI,483020,키움투자자산운용,주식,테마,로보틱스 & AI,국내,일반,107.3384,5931.75"
"RISE 인도디지털성장,498610,케이비자산운용,주식,테마,기타,인도,일반,18.556067,5808"
"KODEX 미국30년국채울트라선물인버스(H),304670,삼성자산운용,채권,국공채,장기,미국,1X 인버스,2.62582,5807.5"
"KODEX 밸류Plus,244670,삼성자산운용,주식,퀀트,가치,국내,일반,38.709858,5781"
"KIWOOM 글로벌전력GRID인프라,489860,키움투자자산운용,주식,테마,전력인프라,글로벌,일반,123.861625,5766.75"
"BNK 온디바이스AI,487750,BNK자산운용,주식,테마,로보틱스 & AI,국내,일반,125.86001,5742"
"ACE 일본반도체,469160,한국투자신탁운용,주식,섹터,반도체,일본,일반,19.463655,5730"
"HANARO Fn K-메타버스MZ,402460,엔에이치아문디자산운용,주식,테마,메타버스,국내,일반,6.970125,5701.5"
"KIWOOM K-2차전지북미공급망,488200,키움투자자산운용,주식,테마,2차전지(배터리),국내,일반,21.132756,5698"
"ACE Fn성장소비주도주,226380,한국투자신탁운용,주식,테마,내수소비,국내,일반,4.450115,5688"
"KODEX 경기소비재,266390,삼성자산운용,주식,섹터,경기소비재,국내,일반,12.044025,5682"
"RISE 국채선물3년,432600,케이비자산운용,채권,국공채,중기,국내,일반,0.22226,5667.63"
"RISE 글로벌농업경제,437370,케이비자산운용,주식,테마,기타,글로벌,일반,9.693589,5655"
"PLUS 코스닥150,301400,한화자산운용,주식,시장대표,-,국내,일반,9.49696,5648"
"TIGER 200 경기소비재,139290,미래에셋자산운용,주식,섹터,경기소비재,국내,일반,61.136255,5600"
"BNK 2차전지양극재,466810,BNK자산운용,주식,테마,2차전지(배터리),국내,일반,114.083729,5580"
"TIGER 라틴35,105010,미래에셋자산운용,주식,시장대표,-,남미,일반,39.647072,5560.5"
"HANARO 농업융복합산업,314700,엔에이치아문디자산운용,주식,테마,기타,국내,일반,0.69718,5527.5"
"RISE 미국장기국채선물인버스(H),267450,케이비자산운용,채권,국공채,장기,미국,1X 인버스,0.1839,5410"
"TIGER 코스닥150IT,261060,미래에셋자산운용,주식,섹터,정보기술,국내,일반,99.882159,5366.9"
"KODEX 콩선물(H),138920,삼성자산운용,원자재,농산물,콩,글로벌,일반,64.51824,5365"
"SOL 유럽탄소배출권선물인버스ICE(H),459370,신한자산운용,기타,탄소배출권,-,유럽,1X 인버스,16.02076,5350"
"RISE 국채선물5년추종,397420,케이비자산운용,채권,국공채,중기,국내,일반,0.208245,5308.59"
"KODEX 멀티에셋하이인컴(H),321410,삼성자산운용,혼합자산,자산배분,EMP,미국,일반,0.37613,5225"
"ACE 필리핀MSCI(합성),261920,한국투자신탁운용,주식,시장대표,-,필리핀,일반,31.3572,5146"
"RISE 팔라듐선물(H),334690,케이비자산운용,원자재,금속,팔라듐,글로벌,일반,217.968495,5112"
"TIGER 200 철강소재,139240,미래에셋자산운용,주식,섹터,소재,국내,일반,117.917127,5057.8"
"SOL 미국테크TOP10인버스(합성),481200,신한자산운용,주식,테마,빅테크,미국,1X 인버스,0.536275,5024"
"SOL 차이나강소기업CSI500(합성 H),220130,신한자산운용,주식,시장대표,-,중국,일반,33.935365,4852"
"KoAct 테크핵심소재공급망액티브,482030,삼성액티브자산운용,주식,테마,기타,국내,일반,32.506155,4719"
"HANARO 주주가치성장코리아액티브,482870,엔에이치아문디자산운용,주식,스타일,기타,국내,일반,34.38672,4665.5"
"TIGER 200 생활소비재,227560,미래에셋자산운용,주식,섹터,필수소비재,국내,일반,97.32172,4662"
"PLUS 신흥국MSCI인버스(합성 H),373530,한화자산운용,주식,시장대표,-,글로벌,1X 인버스,0.4474,4648.8"
"KIWOOM 미국블록버스터바이오테크의약품+,483030,키움투자자산운용,주식,섹터,헬스케어,미국,일반,38.8309,4632.5"
"UNICORN 포스트IPO액티브,476000,현대자산운용주식회사,주식,테마,IPO&SPAC,국내,일반,22.63386,4599"
"1Q 미국배당TOP30,0004G0,하나자산운용,주식,스타일,배당,미국,일반,42.57337,4597.5"
"FOCUS KRX300,292730,브이아이자산운용,주식,시장대표,-,국내,일반,0.04653,4579"
"RISE 글로벌비만산업TOP2+,476310,케이비자산운용,주식,섹터,헬스케어,글로벌,일반,61.515683,4562.25"
"HANARO Fn골프테마,407300,엔에이치아문디자산운용,주식,테마,게임&엔터&스포츠,국내,일반,1.672895,4534.75"
"TIGER 코스피중형주,277650,미래에셋자산운용,주식,규모,중형주,국내,일반,1.767275,4503.75"
"KODEX 퀄리티Plus,244660,삼성자산운용,주식,퀀트,퀄리티,국내,일반,[object Object],4500"
"TIGER 방송통신,098560,미래에셋자산운용,주식,섹터,커뮤니케이션서비스,국내,일반,30.421308,4342"
"PLUS ESG가치주액티브,395750,한화자산운용,주식,퀀트,가치,국내,일반,0.26266,4206"
"TIGER KRX기후변화솔루션,404540,미래에셋자산운용,주식,스타일,ESG,국내,일반,28.07006,4009.5"
"KIWOOM 200선물인버스2X,253230,키움투자자산운용,주식,시장대표,-,국내,2X 인버스,25.097257,3963.6"
"KIWOOM 차이나내수소비TOP CSI,454180,키움투자자산운용,주식,테마,내수소비,중국,일반,24.509695,3850"
"TIGER 200에너지화학레버리지,243890,미래에셋자산운용,주식,섹터,소재,국내,2X 레버리지,41.662735,3840"
"PLUS 중형주저변동50,266550,한화자산운용,주식,규모,중형주,국내,일반,0.852075,3742.5"
"RISE 차이나H선물인버스(H),291680,케이비자산운용,주식,시장대표,-,중국,1X 인버스,1.62366,3667.5"
"RISE 200선물인버스,252410,케이비자산운용,주식,시장대표,-,국내,1X 인버스,28.28641,3654"
"PLUS 200선물인버스2X,253160,한화자산운용,주식,시장대표,-,국내,2X 인버스,24.81305,3613.5"
"KODEX 골드선물인버스(H),280940,삼성자산운용,원자재,금속,금,글로벌,1X 인버스,62.955915,3582"
"PLUS 스마트베타Quality채권혼합,238670,한화자산운용,혼합자산,자산배분,주식혼합,국내,일반,17.047015,3568.5"
"HANARO KAP초장기국고채,346000,엔에이치아문디자산운용,채권,국공채,장기,국내,일반,17.73667,3222"
"KIWOOM 코스닥150선물인버스,291620,키움투자자산운용,주식,시장대표,-,국내,1X 인버스,5.813225,3049.8"
"HANARO 코스닥150선물레버리지,306530,엔에이치아문디자산운용,주식,시장대표,-,국내,2X 레버리지,22.96759,2884.5"
"HANARO 200선물인버스,306520,엔에이치아문디자산운용,주식,시장대표,-,국내,1X 인버스,2.26971,2560.25"
"KIWOOM 200선물인버스,253240,키움투자자산운용,주식,시장대표,-,국내,1X 인버스,14.08133,2454"
"UNICORN 생성형AI강소기업액티브,470310,현대자산운용주식회사,주식,테마,로보틱스 & AI,국내,일반,7.08371,2397.5"
"KIWOOM 코스닥150선물레버리지,291630,키움투자자산운용,주식,시장대표,-,국내,2X 레버리지,52.352569,2392.5"
"TIGER 200동일가중,252000,미래에셋자산운용,주식,스타일,동일가중,국내,일반,1.69753,2211"
"RISE 팔라듐선물인버스(H),334700,케이비자산운용,원자재,금속,팔라듐,글로벌,1X 인버스,12.179085,2105"
"ACE 미국빅테크TOP7 Plus인버스(합성),465620,한국투자신탁운용,주식,테마,빅테크,미국,1X 인버스,1.09549,2037.5"
"ACE 인버스,145670,한국투자신탁운용,주식,시장대표,-,국내,1X 인버스,20.298955,1975"
"RISE 코스닥150선물인버스,275750,케이비자산운용,주식,시장대표,-,국내,1X 인버스,0.427135,1809.5"
"TIGER BBIG레버리지,412560,미래에셋자산운용,주식,테마,뉴딜,국내,2X 레버리지,15.3114,1725"
"PLUS 글로벌AI인프라,489010,한화자산운용,주식,테마,로보틱스 & AI,글로벌,일반,7.743299,1520.5"
"PLUS 코스닥150선물인버스,301410,한화자산운용,주식,시장대표,-,국내,1X 인버스,0.827935,1486.5"
